chave_catalogo,nome_magia,nivel,origem_lista,dominio,eh_magia_dominio,familia_tendencia,modo_restricao,subvariantes_tendencia,subvariantes_por_alinhamento,pode_leal_bom,pode_leal_neutro,pode_leal_mau,pode_neutro_bom,pode_neutro,pode_neutro_mau,pode_caotico_bom,pode_caotico_neutro,pode_caotico_mau,alinhamentos_permitidos,alinhamentos_bloqueados,requer_dominio_escolhido,dominios_opostos_bloqueiam,observacao
CLERIGO_BASE_0_CRIAR_AGUA,Criar Água,0,CLERIGO_BASE,,NAO,,LIVRE,,,SIM,SIM,SIM,SIM,SIM,SIM,SIM,SIM,SIM,Leal e Bom|Leal e Neutro|Leal e Mau|Neutro e Bom|Neutro|Neutro e Mau|Caótico e Bom|Caótico e Neutro|Caótico e Mau,,NAO,,Magia base do clérigo.
CLERIGO_BASE_0_CURA_MENOR,Cura Menor,0,CLERIGO_BASE,,NAO,,LIVRE,,,SIM,SIM,SIM,SIM,SIM,SIM,SIM,SIM,SIM,Leal e Bom|Leal e Neutro|Leal e Mau|Neutro e Bom|Neutro|Neutro e Mau|Caótico e Bom|Caótico e Neutro|Caótico e Mau,,NAO,,Magia base do clérigo.
CLERIGO_BASE_0_DETECTAR_MAGIA,Detectar Magia,0,CLERIGO_BASE,,NAO,,LIVRE,,,SIM,SIM,SIM,SIM,SIM,SIM,SIM,SIM,SIM,Leal e Bom|Leal e Neutro|Leal e Mau|Neutro e Bom|Neutro|Neutro e Mau|Caótico e Bom|Caótico e Neutro|Caótico e Mau,,NAO,,Magia base do clérigo.
CLERIGO_BASE_0_DETECTAR_VENENO,Detectar Veneno,0,CLERIGO_BASE,,NAO,,LIVRE,,,SIM,SIM,SIM,SIM,SIM,SIM,SIM,SIM,SIM,Leal e Bom|Leal e Neutro|Leal e Mau|Neutro e Bom|Neutro|Neutro e Mau|Caótico e Bom|Caótico e Neutro|Caótico e Mau,,NAO,,Magia base do clérigo.
CLERIGO_BASE_0_GUIA,Guia,0,CLERIGO_BASE,,NAO,,LIVRE,,,SIM,SIM,SIM,SIM,SIM,SIM,SIM,SIM,SIM,Leal e Bom|Leal e Neutro|Leal e Mau|Neutro e Bom|Neutro|Neutro e Mau|Caótico e Bom|Caótico e Neutro|Caótico e Mau,,NAO,,Magia base do clérigo.
CLERIGO_BASE_0_LUZ,Luz,0,CLERIGO_BASE,,NAO,,LIVRE,,,SIM,SIM,SIM,SIM,SIM,SIM,SIM,SIM,SIM,Leal e Bom|Leal e Neutro|Leal e Mau|Neutro e Bom|Neutro|Neutro e Mau|Caótico e Bom|Caótico e Neutro|Caótico e Mau,,NAO,,Magia base do clérigo.
CLERIGO_BASE_0_ORIENTACAO,Orientação,0,CLERIGO_BASE,,NAO,,LIVRE,,,SIM,SIM,SIM,SIM,SIM,SIM,SIM,SIM,SIM,Leal e Bom|Leal e Neutro|Leal e Mau|Neutro e Bom|Neutro|Neutro e Mau|Caótico e Bom|Caótico e Neutro|Caótico e Mau,,NAO,,Magia base do clérigo.
CLERIGO_BASE_0_RESISTENCIA,Resistência,0,CLERIGO_BASE,,NAO,,LIVRE,,,SIM,SIM,SIM,SIM,SIM,SIM,SIM,SIM,SIM,Leal e Bom|Leal e Neutro|Leal e Mau|Neutro e Bom|Neutro|Neutro e Mau|Caótico e Bom|Caótico e Neutro|Caótico e Mau,,NAO,,Magia base do clérigo.
CLERIGO_BASE_1_ABENCOAR,Abençoar,1,CLERIGO_BASE,,NAO,,LIVRE,,,SIM,SIM,SIM,SIM,SIM,SIM,SIM,SIM,SIM,Leal e Bom|Leal e Neutro|Leal e Mau|Neutro e Bom|Neutro|Neutro e Mau|Caótico e Bom|Caótico e Neutro|Caótico e Mau,,NAO,,Magia base do clérigo.
CLERIGO_BASE_1_CURA_LEVE,Cura Leve,1,CLERIGO_BASE,,NAO,,LIVRE,,,SIM,SIM,SIM,SIM,SIM,SIM,SIM,SIM,SIM,Leal e Bom|Leal e Neutro|Leal e Mau|Neutro e Bom|Neutro|Neutro e Mau|Caótico e Bom|Caótico e Neutro|Caótico e Mau,,NAO,,Magia base do clérigo.
CLERIGO_BASE_1_DETECTAR_MAL,Detectar Mal,1,CLERIGO_BASE,,NAO,BEM,FAMILIA_FIXA,,,SIM,NAO,NAO,SIM,NAO,NAO,SIM,NAO,NAO,Leal e Bom|Neutro e Bom|Caótico e Bom,Leal e Neutro|Leal e Mau|Neutro|Neutro e Mau|Caótico e Neutro|Caótico e Mau,NAO,,Magia base do clérigo.
CLERIGO_BASE_1_ESCUDO_DA_FE,Escudo da Fé,1,CLERIGO_BASE,,NAO,,LIVRE,,,SIM,SIM,SIM,SIM,SIM,SIM,SIM,SIM,SIM,Leal e Bom|Leal e Neutro|Leal e Mau|Neutro e Bom|Neutro|Neutro e Mau|Caótico e Bom|Caótico e Neutro|Caótico e Mau,,NAO,,Magia base do clérigo.
CLERIGO_BASE_1_PROTECAO_CONTRA_MAL,Proteção contra Mal,1,CLERIGO_BASE,,NAO,BEM,FAMILIA_FIXA,,,SIM,NAO,NAO,SIM,NAO,NAO,SIM,NAO,NAO,Leal e Bom|Neutro e Bom|Caótico e Bom,Leal e Neutro|Leal e Mau|Neutro|Neutro e Mau|Caótico e Neutro|Caótico e Mau,NAO,,Magia base do clérigo.
DOMINIO_AR_1_MENSAGEM,Mensagem,1,DOMINIO,Ar,SIM,,LIVRE,,,SIM,SIM,SIM,SIM,SIM,SIM,SIM,SIM,SIM,Leal e Bom|Leal e Neutro|Leal e Mau|Neutro e Bom|Neutro|Neutro e Mau|Caótico e Bom|Caótico e Neutro|Caótico e Mau,,SIM,,Magia de domínio; renderizar somente se o clérigo tiver o domínio Ar.
DOMINIO_AR_1_NEVOA_OBSCURECENTE,Névoa Obscurecente,1,DOMINIO,Ar,SIM,,LIVRE,,,SIM,SIM,SIM,SIM,SIM,SIM,SIM,SIM,SIM,Leal e Bom|Leal e Neutro|Leal e Mau|Neutro e Bom|Neutro|Neutro e Mau|Caótico e Bom|Caótico e Neutro|Caótico e Mau,,SIM,,Magia de domínio; renderizar somente se o clérigo tiver o domínio Ar.
DOMINIO_BEM_1_ABENCOAR_AGUA,Abençoar Água,1,DOMINIO,Bem,SIM,BEM,FAMILIA_FIXA,,,SIM,NAO,NAO,SIM,NAO,NAO,SIM,NAO,NAO,Leal e Bom|Neutro e Bom|Caótico e Bom,Leal e Neutro|Leal e Mau|Neutro|Neutro e Mau|Caótico e Neutro|Caótico e Mau,SIM,MAL,Magia de domínio; renderizar somente se o clérigo tiver o domínio Bem. O domínio oposto Mal também bloqueia esta magia.
DOMINIO_BEM_1_BENCAO,Bênção,1,DOMINIO,Bem,SIM,BEM,FAMILIA_FIXA,,,SIM,NAO,NAO,SIM,NAO,NAO,SIM,NAO,NAO,Leal e Bom|Neutro e Bom|Caótico e Bom,Leal e Neutro|Leal e Mau|Neutro|Neutro e Mau|Caótico e Neutro|Caótico e Mau,SIM,MAL,Magia de domínio; renderizar somente se o clérigo tiver o domínio Bem. O domínio oposto Mal também bloqueia esta magia.
DOMINIO_BEM_1_CURAR_FERIMENTOS_LEVES,Curar Ferimentos Leves,1,DOMINIO,Bem,SIM,BEM,FAMILIA_FIXA,,,SIM,NAO,NAO,SIM,NAO,NAO,SIM,NAO,NAO,Leal e Bom|Neutro e Bom|Caótico e Bom,Leal e Neutro|Leal e Mau|Neutro|Neutro e Mau|Caótico e Neutro|Caótico e Mau,SIM,MAL,Magia de domínio; renderizar somente se o clérigo tiver o domínio Bem. O domínio oposto Mal também bloqueia esta magia.
DOMINIO_BEM_1_PROTECAO_CONTRA_O_MAL,Proteção Contra o Mal,1,DOMINIO,Bem,SIM,BEM,FAMILIA_FIXA,,,SIM,NAO,NAO,SIM,NAO,NAO,SIM,NAO,NAO,Leal e Bom|Neutro e Bom|Caótico e Bom,Leal e Neutro|Leal e Mau|Neutro|Neutro e Mau|Caótico e Neutro|Caótico e Mau,SIM,MAL,Magia de domínio; renderizar somente se o clérigo tiver o domínio Bem. O domínio oposto Mal também bloqueia esta magia.
DOMINIO_CAOS_1_MAOS_FLAMEJANTES,Mãos Flamejantes,1,DOMINIO,Caos,SIM,CAOS,FAMILIA_FIXA,,,NAO,NAO,NAO,NAO,NAO,NAO,SIM,SIM,SIM,Caótico e Bom|Caótico e Neutro|Caótico e Mau,Leal e Bom|Leal e Neutro|Leal e Mau|Neutro e Bom|Neutro|Neutro e Mau,SIM,ORDEM,Magia de domínio; renderizar somente se o clérigo tiver o domínio Caos. O domínio oposto Ordem também bloqueia esta magia.
DOMINIO_CAOS_1_PROTECAO_CONTRA_A_ORDEM,Proteção Contra a Ordem,1,DOMINIO,Caos,SIM,CAOS,FAMILIA_FIXA,,,NAO,NAO,NAO,NAO,NAO,NAO,SIM,SIM,SIM,Caótico e Bom|Caótico e Neutro|Caótico e Mau,Leal e Bom|Leal e Neutro|Leal e Mau|Neutro e Bom|Neutro|Neutro e Mau,SIM,ORDEM,Magia de domínio; renderizar somente se o clérigo tiver o domínio Caos. O domínio oposto Ordem também bloqueia esta magia.
DOMINIO_CONHECIMENTO_1_COMPREENDER_IDIOMAS,Compreender Idiomas,1,DOMINIO,Conhecimento,SIM,,LIVRE,,,SIM,SIM,SIM,SIM,SIM,SIM,SIM,SIM,SIM,Leal e Bom|Leal e Neutro|Leal e Mau|Neutro e Bom|Neutro|Neutro e Mau|Caótico e Bom|Caótico e Neutro|Caótico e Mau,,SIM,,Magia de domínio; renderizar somente se o clérigo tiver o domínio Conhecimento.
DOMINIO_CONHECIMENTO_1_DETECTAR_MAGIA,Detectar Magia,1,DOMINIO,Conhecimento,SIM,,LIVRE,,,SIM,SIM,SIM,SIM,SIM,SIM,SIM,SIM,SIM,Leal e Bom|Leal e Neutro|Leal e Mau|Neutro e Bom|Neutro|Neutro e Mau|Caótico e Bom|Caótico e Neutro|Caótico e Mau,,SIM,,Magia de domínio; renderizar somente se o clérigo tiver o domínio Conhecimento.
DOMINIO_CONHECIMENTO_1_IDENTIFICACAO,Identificação,1,DOMINIO,Conhecimento,SIM,,LIVRE,,,SIM,SIM,SIM,SIM,SIM,SIM,SIM,SIM,SIM,Leal e Bom|Leal e Neutro|Leal e Mau|Neutro e Bom|Neutro|Neutro e Mau|Caótico e Bom|Caótico e Neutro|Caótico e Mau,,SIM,,Magia de domínio; renderizar somente se o clérigo tiver o domínio Conhecimento.
DOMINIO_CONHECIMENTO_1_LER_MAGIAS,Ler Magias,1,DOMINIO,Conhecimento,SIM,,LIVRE,,,SIM,SIM,SIM,SIM,SIM,SIM,SIM,SIM,SIM,Leal e Bom|Leal e Neutro|Leal e Mau|Neutro e Bom|Neutro|Neutro e Mau|Caótico e Bom|Caótico e Neutro|Caótico e Mau,,SIM,,Magia de domínio; renderizar somente se o clérigo tiver o domínio Conhecimento.
DOMINIO_CURA_1_CURAR_FERIMENTOS_LEVES,Curar Ferimentos Leves,1,DOMINIO,Cura,SIM,,LIVRE,,,SIM,SIM,SIM,SIM,SIM,SIM,SIM,SIM,SIM,Leal e Bom|Leal e Neutro|Leal e Mau|Neutro e Bom|Neutro|Neutro e Mau|Caótico e Bom|Caótico e Neutro|Caótico e Mau,,SIM,,Magia de domínio; renderizar somente se o clérigo tiver o domínio Cura.
DOMINIO_CURA_1_RESTAURACAO_MENOR,Restauração Menor,1,DOMINIO,Cura,SIM,,LIVRE,,,SIM,SIM,SIM,SIM,SIM,SIM,SIM,SIM,SIM,Leal e Bom|Leal e Neutro|Leal e Mau|Neutro e Bom|Neutro|Neutro e Mau|Caótico e Bom|Caótico e Neutro|Caótico e Mau,,SIM,,Magia de domínio; renderizar somente se o clérigo tiver o domínio Cura.
DOMINIO_DESTRUICAO_1_INFLIGIR_FERIMENTOS_LEVES,Infligir Ferimentos Leves,1,DOMINIO,Destruição,SIM,,LIVRE,,,SIM,SIM,SIM,SIM,SIM,SIM,SIM,SIM,SIM,Leal e Bom|Leal e Neutro|Leal e Mau|Neutro e Bom|Neutro|Neutro e Mau|Caótico e Bom|Caótico e Neutro|Caótico e Mau,,SIM,PROTECAO,Magia de domínio; renderizar somente se o clérigo tiver o domínio Destruição. O domínio oposto Protecao também bloqueia esta magia.
DOMINIO_DESTRUICAO_1_MAOS_FLAMEJANTES,Mãos Flamejantes,1,DOMINIO,Destruição,SIM,,LIVRE,,,SIM,SIM,SIM,SIM,SIM,SIM,SIM,SIM,SIM,Leal e Bom|Leal e Neutro|Leal e Mau|Neutro e Bom|Neutro|Neutro e Mau|Caótico e Bom|Caótico e Neutro|Caótico e Mau,,SIM,PROTECAO,Magia de domínio; renderizar somente se o clérigo tiver o domínio Destruição. O domínio oposto Protecao também bloqueia esta magia.
DOMINIO_ENGANACAO_1_DISIMULAR_TENDENCIA,Disimular Tendência,1,DOMINIO,Enganação,SIM,,LIVRE,,,SIM,SIM,SIM,SIM,SIM,SIM,SIM,SIM,SIM,Leal e Bom|Leal e Neutro|Leal e Mau|Neutro e Bom|Neutro|Neutro e Mau|Caótico e Bom|Caótico e Neutro|Caótico e Mau,,SIM,,Magia de domínio; renderizar somente se o clérigo tiver o domínio Enganação.
DOMINIO_ENGANACAO_1_IMAGEM_SILENCIOSA,Imagem Silenciosa,1,DOMINIO,Enganação,SIM,,LIVRE,,,SIM,SIM,SIM,SIM,SIM,SIM,SIM,SIM,SIM,Leal e Bom|Leal e Neutro|Leal e Mau|Neutro e Bom|Neutro|Neutro e Mau|Caótico e Bom|Caótico e Neutro|Caótico e Mau,,SIM,,Magia de domínio; renderizar somente se o clérigo tiver o domínio Enganação.
DOMINIO_FOGO_1_MAOS_FLAMEJANTES,Mãos Flamejantes,1,DOMINIO,Fogo,SIM,,LIVRE,,,SIM,SIM,SIM,SIM,SIM,SIM,SIM,SIM,SIM,Leal e Bom|Leal e Neutro|Leal e Mau|Neutro e Bom|Neutro|Neutro e Mau|Caótico e Bom|Caótico e Neutro|Caótico e Mau,,SIM,,Magia de domínio; renderizar somente se o clérigo tiver o domínio Fogo.
DOMINIO_FOGO_1_TOQUE_CHOCANTE,Toque Chocante,1,DOMINIO,Fogo,SIM,,LIVRE,,,SIM,SIM,SIM,SIM,SIM,SIM,SIM,SIM,SIM,Leal e Bom|Leal e Neutro|Leal e Mau|Neutro e Bom|Neutro|Neutro e Mau|Caótico e Bom|Caótico e Neutro|Caótico e Mau,,SIM,,Magia de domínio; renderizar somente se o clérigo tiver o domínio Fogo.
DOMINIO_FORCA_1_ARMA_MAGICA,Arma Mágica,1,DOMINIO,Força,SIM,,LIVRE,,,SIM,SIM,SIM,SIM,SIM,SIM,SIM,SIM,SIM,Leal e Bom|Leal e Neutro|Leal e Mau|Neutro e Bom|Neutro|Neutro e Mau|Caótico e Bom|Caótico e Neutro|Caótico e Mau,,SIM,,Magia de domínio; renderizar somente se o clérigo tiver o domínio Força.
DOMINIO_FORCA_1_AUXILIO_DIVINO,Auxílio Divino,1,DOMINIO,Força,SIM,,LIVRE,,,SIM,SIM,SIM,SIM,SIM,SIM,SIM,SIM,SIM,Leal e Bom|Leal e Neutro|Leal e Mau|Neutro e Bom|Neutro|Neutro e Mau|Caótico e Bom|Caótico e Neutro|Caótico e Mau,,SIM,,Magia de domínio; renderizar somente se o clérigo tiver o domínio Força.
DOMINIO_GUERRA_1_ABENCOAR_ARMA,Abençoar Arma,1,DOMINIO,Guerra,SIM,,LIVRE,,,SIM,SIM,SIM,SIM,SIM,SIM,SIM,SIM,SIM,Leal e Bom|Leal e Neutro|Leal e Mau|Neutro e Bom|Neutro|Neutro e Mau|Caótico e Bom|Caótico e Neutro|Caótico e Mau,,SIM,,Magia de domínio; renderizar somente se o clérigo tiver o domínio Guerra.
DOMINIO_GUERRA_1_BENCAO,Bênção,1,DOMINIO,Guerra,SIM,,LIVRE,,,SIM,SIM,SIM,SIM,SIM,SIM,SIM,SIM,SIM,Leal e Bom|Leal e Neutro|Leal e Mau|Neutro e Bom|Neutro|Neutro e Mau|Caótico e Bom|Caótico e Neutro|Caótico e Mau,,SIM,,Magia de domínio; renderizar somente se o clérigo tiver o domínio Guerra.
DOMINIO_MAGIA_1_DETECTAR_MAGIA,Detectar Magia,1,DOMINIO,Magia,SIM,,LIVRE,,,SIM,SIM,SIM,SIM,SIM,SIM,SIM,SIM,SIM,Leal e Bom|Leal e Neutro|Leal e Mau|Neutro e Bom|Neutro|Neutro e Mau|Caótico e Bom|Caótico e Neutro|Caótico e Mau,,SIM,,Magia de domínio; renderizar somente se o clérigo tiver o domínio Magia.
DOMINIO_MAGIA_1_IDENTIFICACAO,Identificação,1,DOMINIO,Magia,SIM,,LIVRE,,,SIM,SIM,SIM,SIM,SIM,SIM,SIM,SIM,SIM,Leal e Bom|Leal e Neutro|Leal e Mau|Neutro e Bom|Neutro|Neutro e Mau|Caótico e Bom|Caótico e Neutro|Caótico e Mau,,SIM,,Magia de domínio; renderizar somente se o clérigo tiver o domínio Magia.
DOMINIO_MAGIA_1_LER_MAGIAS,Ler Magias,1,DOMINIO,Magia,SIM,,LIVRE,,,SIM,SIM,SIM,SIM,SIM,SIM,SIM,SIM,SIM,Leal e Bom|Leal e Neutro|Leal e Mau|Neutro e Bom|Neutro|Neutro e Mau|Caótico e Bom|Caótico e Neutro|Caótico e Mau,,SIM,,Magia de domínio; renderizar somente se o clérigo tiver o domínio Magia.
DOMINIO_MAL_1_INFLIGIR_FERIMENTOS_LEVES,Infligir Ferimentos Leves,1,DOMINIO,Mal,SIM,MAL,FAMILIA_FIXA,,,NAO,NAO,SIM,NAO,NAO,SIM,NAO,NAO,SIM,Leal e Mau|Neutro e Mau|Caótico e Mau,Leal e Bom|Leal e Neutro|Neutro e Bom|Neutro|Caótico e Bom|Caótico e Neutro,SIM,BEM,Magia de domínio; renderizar somente se o clérigo tiver o domínio Mal. O domínio oposto Bem também bloqueia esta magia.
DOMINIO_MAL_1_PROTECAO_CONTRA_O_BEM,Proteção Contra o Bem,1,DOMINIO,Mal,SIM,MAL,FAMILIA_FIXA,,,NAO,NAO,SIM,NAO,NAO,SIM,NAO,NAO,SIM,Leal e Mau|Neutro e Mau|Caótico e Mau,Leal e Bom|Leal e Neutro|Neutro e Bom|Neutro|Caótico e Bom|Caótico e Neutro,SIM,BEM,Magia de domínio; renderizar somente se o clérigo tiver o domínio Mal. O domínio oposto Bem também bloqueia esta magia.
DOMINIO_MORTE_1_CAUSAR_MEDO,Causar Medo,1,DOMINIO,Morte,SIM,,LIVRE,,,SIM,SIM,SIM,SIM,SIM,SIM,SIM,SIM,SIM,Leal e Bom|Leal e Neutro|Leal e Mau|Neutro e Bom|Neutro|Neutro e Mau|Caótico e Bom|Caótico e Neutro|Caótico e Mau,,SIM,,Magia de domínio; renderizar somente se o clérigo tiver o domínio Morte.
DOMINIO_MORTE_1_INFLIGIR_FERIMENTOS_LEVES,Infligir Ferimentos Leves,1,DOMINIO,Morte,SIM,,LIVRE,,,SIM,SIM,SIM,SIM,SIM,SIM,SIM,SIM,SIM,Leal e Bom|Leal e Neutro|Leal e Mau|Neutro e Bom|Neutro|Neutro e Mau|Caótico e Bom|Caótico e Neutro|Caótico e Mau,,SIM,,Magia de domínio; renderizar somente se o clérigo tiver o domínio Morte.
DOMINIO_PROTECAO_1_ESCUDO_DA_FE,Escudo da Fé,1,DOMINIO,Proteção,SIM,,LIVRE,,,SIM,SIM,SIM,SIM,SIM,SIM,SIM,SIM,SIM,Leal e Bom|Leal e Neutro|Leal e Mau|Neutro e Bom|Neutro|Neutro e Mau|Caótico e Bom|Caótico e Neutro|Caótico e Mau,,SIM,DESTRUICAO,Magia de domínio; renderizar somente se o clérigo tiver o domínio Proteção. O domínio oposto Destruicao também bloqueia esta magia.
DOMINIO_PROTECAO_1_PROTECAO_CONTRA_O_CAOS_MAL,Proteção Contra o Caos/Mal,1,DOMINIO,Proteção,SIM,ORDEM,FAMILIA_FIXA,,,SIM,SIM,SIM,NAO,NAO,NAO,NAO,NAO,NAO,Leal e Bom|Leal e Neutro|Leal e Mau,Neutro e Bom|Neutro|Neutro e Mau|Caótico e Bom|Caótico e Neutro|Caótico e Mau,SIM,DESTRUICAO,Magia de domínio; renderizar somente se o clérigo tiver o domínio Proteção. O domínio oposto Destruicao também bloqueia esta magia.
DOMINIO_PROTECAO_1_RESISTENCIA,Resistência,1,DOMINIO,Proteção,SIM,,LIVRE,,,SIM,SIM,SIM,SIM,SIM,SIM,SIM,SIM,SIM,Leal e Bom|Leal e Neutro|Leal e Mau|Neutro e Bom|Neutro|Neutro e Mau|Caótico e Bom|Caótico e Neutro|Caótico e Mau,,SIM,DESTRUICAO,Magia de domínio; renderizar somente se o clérigo tiver o domínio Proteção. O domínio oposto Destruicao também bloqueia esta magia.
DOMINIO_SOL_1_CHAMA_CONTINUA,Chama Contínua,1,DOMINIO,Sol,SIM,,LIVRE,,,SIM,SIM,SIM,SIM,SIM,SIM,SIM,SIM,SIM,Leal e Bom|Leal e Neutro|Leal e Mau|Neutro e Bom|Neutro|Neutro e Mau|Caótico e Bom|Caótico e Neutro|Caótico e Mau,,SIM,,Magia de domínio; renderizar somente se o clérigo tiver o domínio Sol.
DOMINIO_SOL_1_LUZ,Luz,1,DOMINIO,Sol,SIM,,LIVRE,,,SIM,SIM,SIM,SIM,SIM,SIM,SIM,SIM,SIM,Leal e Bom|Leal e Neutro|Leal e Mau|Neutro e Bom|Neutro|Neutro e Mau|Caótico e Bom|Caótico e Neutro|Caótico e Mau,,SIM,,Magia de domínio; renderizar somente se o clérigo tiver o domínio Sol.
DOMINIO_SORTE_1_BENCAO,Bênção,1,DOMINIO,Sorte,SIM,,LIVRE,,,SIM,SIM,SIM,SIM,SIM,SIM,SIM,SIM,SIM,Leal e Bom|Leal e Neutro|Leal e Mau|Neutro e Bom|Neutro|Neutro e Mau|Caótico e Bom|Caótico e Neutro|Caótico e Mau,,SIM,,Magia de domínio; renderizar somente se o clérigo tiver o domínio Sorte.
DOMINIO_SORTE_1_PROTECAO_CONTRA_O_CAOS_MAL,Proteção Contra o Caos/Mal,1,DOMINIO,Sorte,SIM,ORDEM,FAMILIA_FIXA,,,SIM,SIM,SIM,NAO,NAO,NAO,NAO,NAO,NAO,Leal e Bom|Leal e Neutro|Leal e Mau,Neutro e Bom|Neutro|Neutro e Mau|Caótico e Bom|Caótico e Neutro|Caótico e Mau,SIM,,Magia de domínio; renderizar somente se o clérigo tiver o domínio Sorte.
DOMINIO_TERRA_1_ARMADURA_DE_PEDRA,Armadura de Pedra,1,DOMINIO,Terra,SIM,,LIVRE,,,SIM,SIM,SIM,SIM,SIM,SIM,SIM,SIM,SIM,Leal e Bom|Leal e Neutro|Leal e Mau|Neutro e Bom|Neutro|Neutro e Mau|Caótico e Bom|Caótico e Neutro|Caótico e Mau,,SIM,,Magia de domínio; renderizar somente se o clérigo tiver o domínio Terra.
DOMINIO_TERRA_1_PEDRA_MAGICA,Pedra Mágica,1,DOMINIO,Terra,SIM,,LIVRE,,,SIM,SIM,SIM,SIM,SIM,SIM,SIM,SIM,SIM,Leal e Bom|Leal e Neutro|Leal e Mau|Neutro e Bom|Neutro|Neutro e Mau|Caótico e Bom|Caótico e Neutro|Caótico e Mau,,SIM,,Magia de domínio; renderizar somente se o clérigo tiver o domínio Terra.
DOMINIO_VIAGEM_1_PASSOS_SEM_PEGADAS,Passos sem Pegadas,1,DOMINIO,Viagem,SIM,,LIVRE,,,SIM,SIM,SIM,SIM,SIM,SIM,SIM,SIM,SIM,Leal e Bom|Leal e Neutro|Leal e Mau|Neutro e Bom|Neutro|Neutro e Mau|Caótico e Bom|Caótico e Neutro|Caótico e Mau,,SIM,,Magia de domínio; renderizar somente se o clérigo tiver o domínio Viagem.
DOMINIO_VIAGEM_1_QUEDA_SUAVE,Queda Suave,1,DOMINIO,Viagem,SIM,,LIVRE,,,SIM,SIM,SIM,SIM,SIM,SIM,SIM,SIM,SIM,Leal e Bom|Leal e Neutro|Leal e Mau|Neutro e Bom|Neutro|Neutro e Mau|Caótico e Bom|Caótico e Neutro|Caótico e Mau,,SIM,,Magia de domínio; renderizar somente se o clérigo tiver o domínio Viagem.
CLERIGO_BASE_2_ACALMAR_EMOCOES,Acalmar Emoções,2,CLERIGO_BASE,,NAO,,LIVRE,,,SIM,SIM,SIM,SIM,SIM,SIM,SIM,SIM,SIM,Leal e Bom|Leal e Neutro|Leal e Mau|Neutro e Bom|Neutro|Neutro e Mau|Caótico e Bom|Caótico e Neutro|Caótico e Mau,,NAO,,Magia base do clérigo.
CLERIGO_BASE_2_AJUDA,Ajuda,2,CLERIGO_BASE,,NAO,,LIVRE,,,SIM,SIM,SIM,SIM,SIM,SIM,SIM,SIM,SIM,Leal e Bom|Leal e Neutro|Leal e Mau|Neutro e Bom|Neutro|Neutro e Mau|Caótico e Bom|Caótico e Neutro|Caótico e Mau,,NAO,,Magia base do clérigo.
CLERIGO_BASE_2_ARMA_ESPIRITUAL,Arma Espiritual,2,CLERIGO_BASE,,NAO,,LIVRE,,,SIM,SIM,SIM,SIM,SIM,SIM,SIM,SIM,SIM,Leal e Bom|Leal e Neutro|Leal e Mau|Neutro e Bom|Neutro|Neutro e Mau|Caótico e Bom|Caótico e Neutro|Caótico e Mau,,NAO,,Magia base do clérigo.
CLERIGO_BASE_2_AUGURIO,Augúrio,2,CLERIGO_BASE,,NAO,,LIVRE,,,SIM,SIM,SIM,SIM,SIM,SIM,SIM,SIM,SIM,Leal e Bom|Leal e Neutro|Leal e Mau|Neutro e Bom|Neutro|Neutro e Mau|Caótico e Bom|Caótico e Neutro|Caótico e Mau,,NAO,,Magia base do clérigo.
CLERIGO_BASE_2_CATIVAR,Cativar,2,CLERIGO_BASE,,NAO,,LIVRE,,,SIM,SIM,SIM,SIM,SIM,SIM,SIM,SIM,SIM,Leal e Bom|Leal e Neutro|Leal e Mau|Neutro e Bom|Neutro|Neutro e Mau|Caótico e Bom|Caótico e Neutro|Caótico e Mau,,NAO,,Magia base do clérigo.
CLERIGO_BASE_2_CONDICAO,Condição,2,CLERIGO_BASE,,NAO,,LIVRE,,,SIM,SIM,SIM,SIM,SIM,SIM,SIM,SIM,SIM,Leal e Bom|Leal e Neutro|Leal e Mau|Neutro e Bom|Neutro|Neutro e Mau|Caótico e Bom|Caótico e Neutro|Caótico e Mau,,NAO,,Magia base do clérigo.
CLERIGO_BASE_2_CONSAGRAR,Consagrar,2,CLERIGO_BASE,,NAO,BEM,FAMILIA_FIXA,,,SIM,NAO,NAO,SIM,NAO,NAO,SIM,NAO,NAO,Leal e Bom|Neutro e Bom|Caótico e Bom,Leal e Neutro|Leal e Mau|Neutro|Neutro e Mau|Caótico e Neutro|Caótico e Mau,NAO,,Magia base do clérigo.
CLERIGO_BASE_2_CURAR_FERIMENTOS_MODERADOS,Curar Ferimentos Moderados,2,CLERIGO_BASE,,NAO,,LIVRE,,,SIM,SIM,SIM,SIM,SIM,SIM,SIM,SIM,SIM,Leal e Bom|Leal e Neutro|Leal e Mau|Neutro e Bom|Neutro|Neutro e Mau|Caótico e Bom|Caótico e Neutro|Caótico e Mau,,NAO,,Magia base do clérigo.
CLERIGO_BASE_2_DESCANSO_TRANQUILO,Descanso Tranquilo,2,CLERIGO_BASE,,NAO,,LIVRE,,,SIM,SIM,SIM,SIM,SIM,SIM,SIM,SIM,SIM,Leal e Bom|Leal e Neutro|Leal e Mau|Neutro e Bom|Neutro|Neutro e Mau|Caótico e Bom|Caótico e Neutro|Caótico e Mau,,NAO,,Magia base do clérigo.
CLERIGO_BASE_2_DESPEDACAR,Despedaçar,2,CLERIGO_BASE,,NAO,,LIVRE,,,SIM,SIM,SIM,SIM,SIM,SIM,SIM,SIM,SIM,Leal e Bom|Leal e Neutro|Leal e Mau|Neutro e Bom|Neutro|Neutro e Mau|Caótico e Bom|Caótico e Neutro|Caótico e Mau,,NAO,,Magia base do clérigo.
CLERIGO_BASE_2_DISSIMULAR_TENDENCIA,Dissimular Tendência,2,CLERIGO_BASE,,NAO,,LIVRE,,,SIM,SIM,SIM,SIM,SIM,SIM,SIM,SIM,SIM,Leal e Bom|Leal e Neutro|Leal e Mau|Neutro e Bom|Neutro|Neutro e Mau|Caótico e Bom|Caótico e Neutro|Caótico e Mau,,NAO,,Magia base do clérigo.
CLERIGO_BASE_2_DRENAR_FORCA_VITAL,Drenar Força Vital,2,CLERIGO_BASE,,NAO,MAL,FAMILIA_FIXA,,,NAO,NAO,SIM,NAO,NAO,SIM,NAO,NAO,SIM,Leal e Mau|Neutro e Mau|Caótico e Mau,Leal e Bom|Leal e Neutro|Neutro e Bom|Neutro|Caótico e Bom|Caótico e Neutro,NAO,,Magia base do clérigo.
CLERIGO_BASE_2_ENCONTRAR_ARMADILHAS,Encontrar Armadilhas,2,CLERIGO_BASE,,NAO,,LIVRE,,,SIM,SIM,SIM,SIM,SIM,SIM,SIM,SIM,SIM,Leal e Bom|Leal e Neutro|Leal e Mau|Neutro e Bom|Neutro|Neutro e Mau|Caótico e Bom|Caótico e Neutro|Caótico e Mau,,NAO,,Magia base do clérigo.
CLERIGO_BASE_2_ESCURIDAO,Escuridão,2,CLERIGO_BASE,,NAO,,LIVRE,,,SIM,SIM,SIM,SIM,SIM,SIM,SIM,SIM,SIM,Leal e Bom|Leal e Neutro|Leal e Mau|Neutro e Bom|Neutro|Neutro e Mau|Caótico e Bom|Caótico e Neutro|Caótico e Mau,,NAO,,Magia base do clérigo.
CLERIGO_BASE_2_ESPLENDOR_DA_AGUIA,Esplendor da Águia,2,CLERIGO_BASE,,NAO,,LIVRE,,,SIM,SIM,SIM,SIM,SIM,SIM,SIM,SIM,SIM,Leal e Bom|Leal e Neutro|Leal e Mau|Neutro e Bom|Neutro|Neutro e Mau|Caótico e Bom|Caótico e Neutro|Caótico e Mau,,NAO,,Magia base do clérigo.
CLERIGO_BASE_2_EXPLOSAO_SONORA,Explosão Sonora,2,CLERIGO_BASE,,NAO,,LIVRE,,,SIM,SIM,SIM,SIM,SIM,SIM,SIM,SIM,SIM,Leal e Bom|Leal e Neutro|Leal e Mau|Neutro e Bom|Neutro|Neutro e Mau|Caótico e Bom|Caótico e Neutro|Caótico e Mau,,NAO,,Magia base do clérigo.
CLERIGO_BASE_2_FORCA_DO_TOURO,Força do Touro,2,CLERIGO_BASE,,NAO,,LIVRE,,,SIM,SIM,SIM,SIM,SIM,SIM,SIM,SIM,SIM,Leal e Bom|Leal e Neutro|Leal e Mau|Neutro e Bom|Neutro|Neutro e Mau|Caótico e Bom|Caótico e Neutro|Caótico e Mau,,NAO,,Magia base do clérigo.
CLERIGO_BASE_2_IMOBILIZAR_PESSOAS,Imobilizar Pessoas,2,CLERIGO_BASE,,NAO,,LIVRE,,,SIM,SIM,SIM,SIM,SIM,SIM,SIM,SIM,SIM,Leal e Bom|Leal e Neutro|Leal e Mau|Neutro e Bom|Neutro|Neutro e Mau|Caótico e Bom|Caótico e Neutro|Caótico e Mau,,NAO,,Magia base do clérigo.
CLERIGO_BASE_2_INFLIGIR_FERIMENTOS_MODERADOS,Infligir Ferimentos Moderados,2,CLERIGO_BASE,,NAO,,LIVRE,,,SIM,SIM,SIM,SIM,SIM,SIM,SIM,SIM,SIM,Leal e Bom|Leal e Neutro|Leal e Mau|Neutro e Bom|Neutro|Neutro e Mau|Caótico e Bom|Caótico e Neutro|Caótico e Mau,,NAO,,Magia base do clérigo.
CLERIGO_BASE_2_INVOCAR_CRIATURAS_II,Invocar Criaturas II,2,CLERIGO_BASE,,NAO,,LIVRE,,,SIM,SIM,SIM,SIM,SIM,SIM,SIM,SIM,SIM,Leal e Bom|Leal e Neutro|Leal e Mau|Neutro e Bom|Neutro|Neutro e Mau|Caótico e Bom|Caótico e Neutro|Caótico e Mau,,NAO,,Magia base do clérigo.
CLERIGO_BASE_2_PROFANAR,Profanar,2,CLERIGO_BASE,,NAO,MAL,FAMILIA_FIXA,,,NAO,NAO,SIM,NAO,NAO,SIM,NAO,NAO,SIM,Leal e Mau|Neutro e Mau|Caótico e Mau,Leal e Bom|Leal e Neutro|Neutro e Bom|Neutro|Caótico e Bom|Caótico e Neutro,NAO,,Magia base do clérigo.
CLERIGO_BASE_2_PROTEGER_OUTRO,Proteger Outro,2,CLERIGO_BASE,,NAO,,LIVRE,,,SIM,SIM,SIM,SIM,SIM,SIM,SIM,SIM,SIM,Leal e Bom|Leal e Neutro|Leal e Mau|Neutro e Bom|Neutro|Neutro e Mau|Caótico e Bom|Caótico e Neutro|Caótico e Mau,,NAO,,Magia base do clérigo.
CLERIGO_BASE_2_REMOVER_PARALISIA,Remover Paralisia,2,CLERIGO_BASE,,NAO,,LIVRE,,,SIM,SIM,SIM,SIM,SIM,SIM,SIM,SIM,SIM,Leal e Bom|Leal e Neutro|Leal e Mau|Neutro e Bom|Neutro|Neutro e Mau|Caótico e Bom|Caótico e Neutro|Caótico e Mau,,NAO,,Magia base do clérigo.
CLERIGO_BASE_2_RESISTENCIA_A_ELEMENTOS,Resistência a Elementos,2,CLERIGO_BASE,,NAO,,LIVRE,,,SIM,SIM,SIM,SIM,SIM,SIM,SIM,SIM,SIM,Leal e Bom|Leal e Neutro|Leal e Mau|Neutro e Bom|Neutro|Neutro e Mau|Caótico e Bom|Caótico e Neutro|Caótico e Mau,,NAO,,Magia base do clérigo.
CLERIGO_BASE_2_RESTAURACAO_MENOR,Restauração Menor,2,CLERIGO_BASE,,NAO,,LIVRE,,,SIM,SIM,SIM,SIM,SIM,SIM,SIM,SIM,SIM,Leal e Bom|Leal e Neutro|Leal e Mau|Neutro e Bom|Neutro|Neutro e Mau|Caótico e Bom|Caótico e Neutro|Caótico e Mau,,NAO,,Magia base do clérigo.
CLERIGO_BASE_2_RETARDAR_ENVENENAMENTO,Retardar Envenenamento,2,CLERIGO_BASE,,NAO,,LIVRE,,,SIM,SIM,SIM,SIM,SIM,SIM,SIM,SIM,SIM,Leal e Bom|Leal e Neutro|Leal e Mau|Neutro e Bom|Neutro|Neutro e Mau|Caótico e Bom|Caótico e Neutro|Caótico e Mau,,NAO,,Magia base do clérigo.
CLERIGO_BASE_2_SABEDORIA_DA_CORUJA,Sabedoria da Coruja,2,CLERIGO_BASE,,NAO,,LIVRE,,,SIM,SIM,SIM,SIM,SIM,SIM,SIM,SIM,SIM,Leal e Bom|Leal e Neutro|Leal e Mau|Neutro e Bom|Neutro|Neutro e Mau|Caótico e Bom|Caótico e Neutro|Caótico e Mau,,NAO,,Magia base do clérigo.
CLERIGO_BASE_2_SILENCIO,Silêncio,2,CLERIGO_BASE,,NAO,,LIVRE,,,SIM,SIM,SIM,SIM,SIM,SIM,SIM,SIM,SIM,Leal e Bom|Leal e Neutro|Leal e Mau|Neutro e Bom|Neutro|Neutro e Mau|Caótico e Bom|Caótico e Neutro|Caótico e Mau,,NAO,,Magia base do clérigo.
CLERIGO_BASE_2_TENDENCIA_EM_ARMA,Tendência em Arma,2,CLERIGO_BASE,,NAO,,SUBVARIANTE_TENDENCIA,BEM|MAL|ORDEM|CAOS,LEAL_E_BOM:BEM|ORDEM;LEAL_E_NEUTRO:ORDEM;LEAL_E_MAU:MAL|ORDEM;NEUTRO_E_BOM:BEM;NEUTRO:;NEUTRO_E_MAU:MAL;CAOTICO_E_BOM:BEM|CAOS;CAOTICO_E_NEUTRO:CAOS;CAOTICO_E_MAU:MAL|CAOS,SIM,SIM,SIM,SIM,SIM,SIM,SIM,SIM,SIM,Leal e Bom|Leal e Neutro|Leal e Mau|Neutro e Bom|Neutro|Neutro e Mau|Caótico e Bom|Caótico e Neutro|Caótico e Mau,,NAO,,Magia base do clérigo; catálogo atual usa entrada genérica e a UI deve filtrar a subvariante compatível.
CLERIGO_BASE_2_TORNAR_INTEIRO,Tornar Inteiro,2,CLERIGO_BASE,,NAO,,LIVRE,,,SIM,SIM,SIM,SIM,SIM,SIM,SIM,SIM,SIM,Leal e Bom|Leal e Neutro|Leal e Mau|Neutro e Bom|Neutro|Neutro e Mau|Caótico e Bom|Caótico e Neutro|Caótico e Mau,,NAO,,Magia base do clérigo.
CLERIGO_BASE_2_VIGOR_DO_URSO,Vigor do Urso,2,CLERIGO_BASE,,NAO,,LIVRE,,,SIM,SIM,SIM,SIM,SIM,SIM,SIM,SIM,SIM,Leal e Bom|Leal e Neutro|Leal e Mau|Neutro e Bom|Neutro|Neutro e Mau|Caótico e Bom|Caótico e Neutro|Caótico e Mau,,NAO,,Magia base do clérigo.
CLERIGO_BASE_2_ZONA_DA_VERDADE,Zona da Verdade,2,CLERIGO_BASE,,NAO,,LIVRE,,,SIM,SIM,SIM,SIM,SIM,SIM,SIM,SIM,SIM,Leal e Bom|Leal e Neutro|Leal e Mau|Neutro e Bom|Neutro|Neutro e Mau|Caótico e Bom|Caótico e Neutro|Caótico e Mau,,NAO,,Magia base do clérigo.
DOMINIO_AR_2_LUFADA_DE_VENTO,Lufada de Vento,2,DOMINIO,Ar,SIM,,LIVRE,,,SIM,SIM,SIM,SIM,SIM,SIM,SIM,SIM,SIM,Leal e Bom|Leal e Neutro|Leal e Mau|Neutro e Bom|Neutro|Neutro e Mau|Caótico e Bom|Caótico e Neutro|Caótico e Mau,,SIM,,Magia de domínio; renderizar somente se o clérigo tiver o domínio Ar.
DOMINIO_AR_2_MURALHA_DE_VENTO,Muralha de Vento,2,DOMINIO,Ar,SIM,,LIVRE,,,SIM,SIM,SIM,SIM,SIM,SIM,SIM,SIM,SIM,Leal e Bom|Leal e Neutro|Leal e Mau|Neutro e Bom|Neutro|Neutro e Mau|Caótico e Bom|Caótico e Neutro|Caótico e Mau,,SIM,,Magia de domínio; renderizar somente se o clérigo tiver o domínio Ar.
DOMINIO_BEM_2_AUXILIO,Auxílio,2,DOMINIO,Bem,SIM,BEM,FAMILIA_FIXA,,,SIM,NAO,NAO,SIM,NAO,NAO,SIM,NAO,NAO,Leal e Bom|Neutro e Bom|Caótico e Bom,Leal e Neutro|Leal e Mau|Neutro|Neutro e Mau|Caótico e Neutro|Caótico e Mau,SIM,MAL,Magia de domínio; renderizar somente se o clérigo tiver o domínio Bem. O domínio oposto Mal também bloqueia esta magia.
DOMINIO_BEM_2_ESCUDO_DA_FE,Escudo da Fé,2,DOMINIO,Bem,SIM,BEM,FAMILIA_FIXA,,,SIM,NAO,NAO,SIM,NAO,NAO,SIM,NAO,NAO,Leal e Bom|Neutro e Bom|Caótico e Bom,Leal e Neutro|Leal e Mau|Neutro|Neutro e Mau|Caótico e Neutro|Caótico e Mau,SIM,MAL,Magia de domínio; renderizar somente se o clérigo tiver o domínio Bem. O domínio oposto Mal também bloqueia esta magia.
DOMINIO_BEM_2_PROTEGER_OUTRO,Proteger Outro,2,DOMINIO,Bem,SIM,BEM,FAMILIA_FIXA,,,SIM,NAO,NAO,SIM,NAO,NAO,SIM,NAO,NAO,Leal e Bom|Neutro e Bom|Caótico e Bom,Leal e Neutro|Leal e Mau|Neutro|Neutro e Mau|Caótico e Neutro|Caótico e Mau,SIM,MAL,Magia de domínio; renderizar somente se o clérigo tiver o domínio Bem. O domínio oposto Mal também bloqueia esta magia.
DOMINIO_CAOS_2_ARMA_CAOTICA,Arma Caótica,2,DOMINIO,Caos,SIM,CAOS,FAMILIA_FIXA,,,NAO,NAO,NAO,NAO,NAO,NAO,SIM,SIM,SIM,Caótico e Bom|Caótico e Neutro|Caótico e Mau,Leal e Bom|Leal e Neutro|Leal e Mau|Neutro e Bom|Neutro|Neutro e Mau,SIM,ORDEM,Magia de domínio; renderizar somente se o clérigo tiver o domínio Caos. O domínio oposto Ordem também bloqueia esta magia.
DOMINIO_CAOS_2_NEVOA_MENTAL,Névoa Mental,2,DOMINIO,Caos,SIM,CAOS,FAMILIA_FIXA,,,NAO,NAO,NAO,NAO,NAO,NAO,SIM,SIM,SIM,Caótico e Bom|Caótico e Neutro|Caótico e Mau,Leal e Bom|Leal e Neutro|Leal e Mau|Neutro e Bom|Neutro|Neutro e Mau,SIM,ORDEM,Magia de domínio; renderizar somente se o clérigo tiver o domínio Caos. O domínio oposto Ordem também bloqueia esta magia.
DOMINIO_CONHECIMENTO_2_LOCALIZAR_OBJETO,Localizar Objeto,2,DOMINIO,Conhecimento,SIM,,LIVRE,,,SIM,SIM,SIM,SIM,SIM,SIM,SIM,SIM,SIM,Leal e Bom|Leal e Neutro|Leal e Mau|Neutro e Bom|Neutro|Neutro e Mau|Caótico e Bom|Caótico e Neutro|Caótico e Mau,,SIM,,Magia de domínio; renderizar somente se o clérigo tiver o domínio Conhecimento.
DOMINIO_CONHECIMENTO_2_VISAO_DA_VERDADE,Visão da Verdade,2,DOMINIO,Conhecimento,SIM,,LIVRE,,,SIM,SIM,SIM,SIM,SIM,SIM,SIM,SIM,SIM,Leal e Bom|Leal e Neutro|Leal e Mau|Neutro e Bom|Neutro|Neutro e Mau|Caótico e Bom|Caótico e Neutro|Caótico e Mau,,SIM,,Magia de domínio; renderizar somente se o clérigo tiver o domínio Conhecimento.
DOMINIO_CURA_2_CURAR_FERIMENTOS_MODERADOS,Curar Ferimentos Moderados,2,DOMINIO,Cura,SIM,,LIVRE,,,SIM,SIM,SIM,SIM,SIM,SIM,SIM,SIM,SIM,Leal e Bom|Leal e Neutro|Leal e Mau|Neutro e Bom|Neutro|Neutro e Mau|Caótico e Bom|Caótico e Neutro|Caótico e Mau,,SIM,,Magia de domínio; renderizar somente se o clérigo tiver o domínio Cura.
DOMINIO_CURA_2_REMOVER_PARALISIA,Remover Paralisia,2,DOMINIO,Cura,SIM,,LIVRE,,,SIM,SIM,SIM,SIM,SIM,SIM,SIM,SIM,SIM,Leal e Bom|Leal e Neutro|Leal e Mau|Neutro e Bom|Neutro|Neutro e Mau|Caótico e Bom|Caótico e Neutro|Caótico e Mau,,SIM,,Magia de domínio; renderizar somente se o clérigo tiver o domínio Cura.
DOMINIO_CURA_2_RETARDAR_ENVENENAMENTO,Retardar Envenenamento,2,DOMINIO,Cura,SIM,,LIVRE,,,SIM,SIM,SIM,SIM,SIM,SIM,SIM,SIM,SIM,Leal e Bom|Leal e Neutro|Leal e Mau|Neutro e Bom|Neutro|Neutro e Mau|Caótico e Bom|Caótico e Neutro|Caótico e Mau,,SIM,,Magia de domínio; renderizar somente se o clérigo tiver o domínio Cura.
DOMINIO_DESTRUICAO_2_INFLIGIR_FERIMENTOS_MODERADOS,Infligir Ferimentos Moderados,2,DOMINIO,Destruição,SIM,,LIVRE,,,SIM,SIM,SIM,SIM,SIM,SIM,SIM,SIM,SIM,Leal e Bom|Leal e Neutro|Leal e Mau|Neutro e Bom|Neutro|Neutro e Mau|Caótico e Bom|Caótico e Neutro|Caótico e Mau,,SIM,PROTECAO,Magia de domínio; renderizar somente se o clérigo tiver o domínio Destruição. O domínio oposto Protecao também bloqueia esta magia.
DOMINIO_DESTRUICAO_2_RAIO_ARDENTE,Raio Ardente,2,DOMINIO,Destruição,SIM,,LIVRE,,,SIM,SIM,SIM,SIM,SIM,SIM,SIM,SIM,SIM,Leal e Bom|Leal e Neutro|Leal e Mau|Neutro e Bom|Neutro|Neutro e Mau|Caótico e Bom|Caótico e Neutro|Caótico e Mau,,SIM,PROTECAO,Magia de domínio; renderizar somente se o clérigo tiver o domínio Destruição. O domínio oposto Protecao também bloqueia esta magia.
DOMINIO_ENGANACAO_2_INVISIBILIDADE,Invisibilidade,2,DOMINIO,Enganação,SIM,,LIVRE,,,SIM,SIM,SIM,SIM,SIM,SIM,SIM,SIM,SIM,Leal e Bom|Leal e Neutro|Leal e Mau|Neutro e Bom|Neutro|Neutro e Mau|Caótico e Bom|Caótico e Neutro|Caótico e Mau,,SIM,,Magia de domínio; renderizar somente se o clérigo tiver o domínio Enganação.
DOMINIO_ENGANACAO_2_SUGESTAO,Sugestão,2,DOMINIO,Enganação,SIM,,LIVRE,,,SIM,SIM,SIM,SIM,SIM,SIM,SIM,SIM,SIM,Leal e Bom|Leal e Neutro|Leal e Mau|Neutro e Bom|Neutro|Neutro e Mau|Caótico e Bom|Caótico e Neutro|Caótico e Mau,,SIM,,Magia de domínio; renderizar somente se o clérigo tiver o domínio Enganação.
DOMINIO_FOGO_2_RAIO_ARDENTE,Raio Ardente,2,DOMINIO,Fogo,SIM,,LIVRE,,,SIM,SIM,SIM,SIM,SIM,SIM,SIM,SIM,SIM,Leal e Bom|Leal e Neutro|Leal e Mau|Neutro e Bom|Neutro|Neutro e Mau|Caótico e Bom|Caótico e Neutro|Caótico e Mau,,SIM,,Magia de domínio; renderizar somente se o clérigo tiver o domínio Fogo.
DOMINIO_FOGO_2_RESISTENCIA_A_ELEMENTOS,Resistência a Elementos,2,DOMINIO,Fogo,SIM,,LIVRE,,,SIM,SIM,SIM,SIM,SIM,SIM,SIM,SIM,SIM,Leal e Bom|Leal e Neutro|Leal e Mau|Neutro e Bom|Neutro|Neutro e Mau|Caótico e Bom|Caótico e Neutro|Caótico e Mau,,SIM,,Magia de domínio; renderizar somente se o clérigo tiver o domínio Fogo.
DOMINIO_FORCA_2_ESCUDO_DA_FE,Escudo da Fé,2,DOMINIO,Força,SIM,,LIVRE,,,SIM,SIM,SIM,SIM,SIM,SIM,SIM,SIM,SIM,Leal e Bom|Leal e Neutro|Leal e Mau|Neutro e Bom|Neutro|Neutro e Mau|Caótico e Bom|Caótico e Neutro|Caótico e Mau,,SIM,,Magia de domínio; renderizar somente se o clérigo tiver o domínio Força.
DOMINIO_FORCA_2_FORCA_DO_TOURO,Força do Touro,2,DOMINIO,Força,SIM,,LIVRE,,,SIM,SIM,SIM,SIM,SIM,SIM,SIM,SIM,SIM,Leal e Bom|Leal e Neutro|Leal e Mau|Neutro e Bom|Neutro|Neutro e Mau|Caótico e Bom|Caótico e Neutro|Caótico e Mau,,SIM,,Magia de domínio; renderizar somente se o clérigo tiver o domínio Força.
DOMINIO_GUERRA_2_ARMA_ESPIRITUAL,Arma Espiritual,2,DOMINIO,Guerra,SIM,,LIVRE,,,SIM,SIM,SIM,SIM,SIM,SIM,SIM,SIM,SIM,Leal e Bom|Leal e Neutro|Leal e Mau|Neutro e Bom|Neutro|Neutro e Mau|Caótico e Bom|Caótico e Neutro|Caótico e Mau,,SIM,,Magia de domínio; renderizar somente se o clérigo tiver o domínio Guerra.
DOMINIO_GUERRA_2_AUXILIO,Auxílio,2,DOMINIO,Guerra,SIM,,LIVRE,,,SIM,SIM,SIM,SIM,SIM,SIM,SIM,SIM,SIM,Leal e Bom|Leal e Neutro|Leal e Mau|Neutro e Bom|Neutro|Neutro e Mau|Caótico e Bom|Caótico e Neutro|Caótico e Mau,,SIM,,Magia de domínio; renderizar somente se o clérigo tiver o domínio Guerra.
DOMINIO_MAGIA_2_DISSIPAR_MAGIA,Dissipar Magia,2,DOMINIO,Magia,SIM,,LIVRE,,,SIM,SIM,SIM,SIM,SIM,SIM,SIM,SIM,SIM,Leal e Bom|Leal e Neutro|Leal e Mau|Neutro e Bom|Neutro|Neutro e Mau|Caótico e Bom|Caótico e Neutro|Caótico e Mau,,SIM,,Magia de domínio; renderizar somente se o clérigo tiver o domínio Magia.
DOMINIO_MAGIA_2_RESISTENCIA_A_MAGIA,Resistência à Magia,2,DOMINIO,Magia,SIM,,LIVRE,,,SIM,SIM,SIM,SIM,SIM,SIM,SIM,SIM,SIM,Leal e Bom|Leal e Neutro|Leal e Mau|Neutro e Bom|Neutro|Neutro e Mau|Caótico e Bom|Caótico e Neutro|Caótico e Mau,,SIM,,Magia de domínio; renderizar somente se o clérigo tiver o domínio Magia.
DOMINIO_MAL_2_ARMA_MALIGNA,Arma Maligna,2,DOMINIO,Mal,SIM,MAL,FAMILIA_FIXA,,,NAO,NAO,SIM,NAO,NAO,SIM,NAO,NAO,SIM,Leal e Mau|Neutro e Mau|Caótico e Mau,Leal e Bom|Leal e Neutro|Neutro e Bom|Neutro|Caótico e Bom|Caótico e Neutro,SIM,BEM,Magia de domínio; renderizar somente se o clérigo tiver o domínio Mal. O domínio oposto Bem também bloqueia esta magia.
DOMINIO_MAL_2_INFLIGIR_FERIMENTOS_MODERADOS,Infligir Ferimentos Moderados,2,DOMINIO,Mal,SIM,MAL,FAMILIA_FIXA,,,NAO,NAO,SIM,NAO,NAO,SIM,NAO,NAO,SIM,Leal e Mau|Neutro e Mau|Caótico e Mau,Leal e Bom|Leal e Neutro|Neutro e Bom|Neutro|Caótico e Bom|Caótico e Neutro,SIM,BEM,Magia de domínio; renderizar somente se o clérigo tiver o domínio Mal. O domínio oposto Bem também bloqueia esta magia.
DOMINIO_MORTE_2_INFLIGIR_FERIMENTOS_MODERADOS,Infligir Ferimentos Moderados,2,DOMINIO,Morte,SIM,,LIVRE,,,SIM,SIM,SIM,SIM,SIM,SIM,SIM,SIM,SIM,Leal e Bom|Leal e Neutro|Leal e Mau|Neutro e Bom|Neutro|Neutro e Mau|Caótico e Bom|Caótico e Neutro|Caótico e Mau,,SIM,,Magia de domínio; renderizar somente se o clérigo tiver o domínio Morte.
DOMINIO_MORTE_2_PROFANAR,Profanar,2,DOMINIO,Morte,SIM,MAL,FAMILIA_FIXA,,,NAO,NAO,SIM,NAO,NAO,SIM,NAO,NAO,SIM,Leal e Mau|Neutro e Mau|Caótico e Mau,Leal e Bom|Leal e Neutro|Neutro e Bom|Neutro|Caótico e Bom|Caótico e Neutro,SIM,,Magia de domínio; renderizar somente se o clérigo tiver o domínio Morte.
DOMINIO_PROTECAO_2_PROTEGER_OUTRO,Proteger Outro,2,DOMINIO,Proteção,SIM,,LIVRE,,,SIM,SIM,SIM,SIM,SIM,SIM,SIM,SIM,SIM,Leal e Bom|Leal e Neutro|Leal e Mau|Neutro e Bom|Neutro|Neutro e Mau|Caótico e Bom|Caótico e Neutro|Caótico e Mau,,SIM,DESTRUICAO,Magia de domínio; renderizar somente se o clérigo tiver o domínio Proteção. O domínio oposto Destruicao também bloqueia esta magia.
DOMINIO_PROTECAO_2_RESISTENCIA_A_ELEMENTOS,Resistência a Elementos,2,DOMINIO,Proteção,SIM,,LIVRE,,,SIM,SIM,SIM,SIM,SIM,SIM,SIM,SIM,SIM,Leal e Bom|Leal e Neutro|Leal e Mau|Neutro e Bom|Neutro|Neutro e Mau|Caótico e Bom|Caótico e Neutro|Caótico e Mau,,SIM,DESTRUICAO,Magia de domínio; renderizar somente se o clérigo tiver o domínio Proteção. O domínio oposto Destruicao também bloqueia esta magia.
DOMINIO_SOL_2_CHAMA_SAGRADA,Chama Sagrada,2,DOMINIO,Sol,SIM,,LIVRE,,,SIM,SIM,SIM,SIM,SIM,SIM,SIM,SIM,SIM,Leal e Bom|Leal e Neutro|Leal e Mau|Neutro e Bom|Neutro|Neutro e Mau|Caótico e Bom|Caótico e Neutro|Caótico e Mau,,SIM,,Magia de domínio; renderizar somente se o clérigo tiver o domínio Sol.
DOMINIO_SOL_2_LUZ_DO_DIA,Luz do Dia,2,DOMINIO,Sol,SIM,,LIVRE,,,SIM,SIM,SIM,SIM,SIM,SIM,SIM,SIM,SIM,Leal e Bom|Leal e Neutro|Leal e Mau|Neutro e Bom|Neutro|Neutro e Mau|Caótico e Bom|Caótico e Neutro|Caótico e Mau,,SIM,,Magia de domínio; renderizar somente se o clérigo tiver o domínio Sol.
DOMINIO_SORTE_2_AUXILIO,Auxílio,2,DOMINIO,Sorte,SIM,,LIVRE,,,SIM,SIM,SIM,SIM,SIM,SIM,SIM,SIM,SIM,Leal e Bom|Leal e Neutro|Leal e Mau|Neutro e Bom|Neutro|Neutro e Mau|Caótico e Bom|Caótico e Neutro|Caótico e Mau,,SIM,,Magia de domínio; renderizar somente se o clérigo tiver o domínio Sorte.
DOMINIO_SORTE_2_ESCUDO_DA_FE,Escudo da Fé,2,DOMINIO,Sorte,SIM,,LIVRE,,,SIM,SIM,SIM,SIM,SIM,SIM,SIM,SIM,SIM,Leal e Bom|Leal e Neutro|Leal e Mau|Neutro e Bom|Neutro|Neutro e Mau|Caótico e Bom|Caótico e Neutro|Caótico e Mau,,SIM,,Magia de domínio; renderizar somente se o clérigo tiver o domínio Sorte.
DOMINIO_TERRA_2_PELE_ROCHOSA,Pele Rochosa,2,DOMINIO,Terra,SIM,,LIVRE,,,SIM,SIM,SIM,SIM,SIM,SIM,SIM,SIM,SIM,Leal e Bom|Leal e Neutro|Leal e Mau|Neutro e Bom|Neutro|Neutro e Mau|Caótico e Bom|Caótico e Neutro|Caótico e Mau,,SIM,,Magia de domínio; renderizar somente se o clérigo tiver o domínio Terra.
DOMINIO_TERRA_2_TERREMOTO_MENOR,Terremoto Menor,2,DOMINIO,Terra,SIM,,LIVRE,,,SIM,SIM,SIM,SIM,SIM,SIM,SIM,SIM,SIM,Leal e Bom|Leal e Neutro|Leal e Mau|Neutro e Bom|Neutro|Neutro e Mau|Caótico e Bom|Caótico e Neutro|Caótico e Mau,,SIM,,Magia de domínio; renderizar somente se o clérigo tiver o domínio Terra.
DOMINIO_VIAGEM_2_LOCALIZAR_OBJETO,Localizar Objeto,2,DOMINIO,Viagem,SIM,,LIVRE,,,SIM,SIM,SIM,SIM,SIM,SIM,SIM,SIM,SIM,Leal e Bom|Leal e Neutro|Leal e Mau|Neutro e Bom|Neutro|Neutro e Mau|Caótico e Bom|Caótico e Neutro|Caótico e Mau,,SIM,,Magia de domínio; renderizar somente se o clérigo tiver o domínio Viagem.
DOMINIO_VIAGEM_2_PASSOS_LONGOS,Passos Longos,2,DOMINIO,Viagem,SIM,,LIVRE,,,SIM,SIM,SIM,SIM,SIM,SIM,SIM,SIM,SIM,Leal e Bom|Leal e Neutro|Leal e Mau|Neutro e Bom|Neutro|Neutro e Mau|Caótico e Bom|Caótico e Neutro|Caótico e Mau,,SIM,,Magia de domínio; renderizar somente se o clérigo tiver o domínio Viagem.
CLERIGO_BASE_3_CAMINHAR_NA_AGUA,Caminhar na Água,3,CLERIGO_BASE,,NAO,,LIVRE,,,SIM,SIM,SIM,SIM,SIM,SIM,SIM,SIM,SIM,Leal e Bom|Leal e Neutro|Leal e Mau|Neutro e Bom|Neutro|Neutro e Mau|Caótico e Bom|Caótico e Neutro|Caótico e Mau,,NAO,,Magia base do clérigo.
CLERIGO_BASE_3_CEGUEIRA_SURDEZ,Cegueira / Surdez,3,CLERIGO_BASE,,NAO,,LIVRE,,,SIM,SIM,SIM,SIM,SIM,SIM,SIM,SIM,SIM,Leal e Bom|Leal e Neutro|Leal e Mau|Neutro e Bom|Neutro|Neutro e Mau|Caótico e Bom|Caótico e Neutro|Caótico e Mau,,NAO,,Magia base do clérigo.
CLERIGO_BASE_3_CHAMA_CONTINUA,Chama Contínua,3,CLERIGO_BASE,,NAO,,LIVRE,,,SIM,SIM,SIM,SIM,SIM,SIM,SIM,SIM,SIM,Leal e Bom|Leal e Neutro|Leal e Mau|Neutro e Bom|Neutro|Neutro e Mau|Caótico e Bom|Caótico e Neutro|Caótico e Mau,,NAO,,Magia base do clérigo.
CLERIGO_BASE_3_CIRCULO_MAGICO_CONTRA_O_CAOS_MAL_BEM_ORDEM,Círculo Mágico contra o Caos / Mal / Bem / Ordem,3,CLERIGO_BASE,,NAO,ORDEM,SUBVARIANTE_TENDENCIA,BEM|MAL|ORDEM|CAOS,LEAL_E_BOM:BEM|ORDEM;LEAL_E_NEUTRO:ORDEM;LEAL_E_MAU:MAL|ORDEM;NEUTRO_E_BOM:BEM;NEUTRO:;NEUTRO_E_MAU:MAL;CAOTICO_E_BOM:BEM|CAOS;CAOTICO_E_NEUTRO:CAOS;CAOTICO_E_MAU:MAL|CAOS,SIM,SIM,SIM,SIM,SIM,SIM,SIM,SIM,SIM,Leal e Bom|Leal e Neutro|Leal e Mau|Neutro e Bom|Neutro|Neutro e Mau|Caótico e Bom|Caótico e Neutro|Caótico e Mau,,NAO,,Magia base do clérigo; catálogo atual usa entrada genérica e a UI deve filtrar a subvariante compatível.
CLERIGO_BASE_3_CRIAR_ALIMENTOS,Criar Alimentos,3,CLERIGO_BASE,,NAO,,LIVRE,,,SIM,SIM,SIM,SIM,SIM,SIM,SIM,SIM,SIM,Leal e Bom|Leal e Neutro|Leal e Mau|Neutro e Bom|Neutro|Neutro e Mau|Caótico e Bom|Caótico e Neutro|Caótico e Mau,,NAO,,Magia base do clérigo.
CLERIGO_BASE_3_CRIAR_MORTOS_VIVOS_MENOR,Criar Mortos-Vivos Menor,3,CLERIGO_BASE,,NAO,MAL,FAMILIA_FIXA,,,NAO,NAO,SIM,NAO,NAO,SIM,NAO,NAO,SIM,Leal e Mau|Neutro e Mau|Caótico e Mau,Leal e Bom|Leal e Neutro|Neutro e Bom|Neutro|Caótico e Bom|Caótico e Neutro,NAO,,Magia base do clérigo.
CLERIGO_BASE_3_CURAR_FERIMENTOS_GRAVES,Curar Ferimentos Graves,3,CLERIGO_BASE,,NAO,,LIVRE,,,SIM,SIM,SIM,SIM,SIM,SIM,SIM,SIM,SIM,Leal e Bom|Leal e Neutro|Leal e Mau|Neutro e Bom|Neutro|Neutro e Mau|Caótico e Bom|Caótico e Neutro|Caótico e Mau,,NAO,,Magia base do clérigo.
CLERIGO_BASE_3_DISSIPAR_MAGIA,Dissipar Magia,3,CLERIGO_BASE,,NAO,,LIVRE,,,SIM,SIM,SIM,SIM,SIM,SIM,SIM,SIM,SIM,Leal e Bom|Leal e Neutro|Leal e Mau|Neutro e Bom|Neutro|Neutro e Mau|Caótico e Bom|Caótico e Neutro|Caótico e Mau,,NAO,,Magia base do clérigo.
CLERIGO_BASE_3_ESCURIDAO_PROFUNDA,Escuridão Profunda,3,CLERIGO_BASE,,NAO,,LIVRE,,,SIM,SIM,SIM,SIM,SIM,SIM,SIM,SIM,SIM,Leal e Bom|Leal e Neutro|Leal e Mau|Neutro e Bom|Neutro|Neutro e Mau|Caótico e Bom|Caótico e Neutro|Caótico e Mau,,NAO,,Magia base do clérigo.
CLERIGO_BASE_3_FALAR_COM_OS_MORTOS,Falar com os Mortos,3,CLERIGO_BASE,,NAO,,LIVRE,,,SIM,SIM,SIM,SIM,SIM,SIM,SIM,SIM,SIM,Leal e Bom|Leal e Neutro|Leal e Mau|Neutro e Bom|Neutro|Neutro e Mau|Caótico e Bom|Caótico e Neutro|Caótico e Mau,,NAO,,Magia base do clérigo.
CLERIGO_BASE_3_INFLIGIR_FERIMENTOS_GRAVES,Infligir Ferimentos Graves,3,CLERIGO_BASE,,NAO,,LIVRE,,,SIM,SIM,SIM,SIM,SIM,SIM,SIM,SIM,SIM,Leal e Bom|Leal e Neutro|Leal e Mau|Neutro e Bom|Neutro|Neutro e Mau|Caótico e Bom|Caótico e Neutro|Caótico e Mau,,NAO,,Magia base do clérigo.
CLERIGO_BASE_3_INVOCAR_CRIATURAS_III,Invocar Criaturas III,3,CLERIGO_BASE,,NAO,,LIVRE,,,SIM,SIM,SIM,SIM,SIM,SIM,SIM,SIM,SIM,Leal e Bom|Leal e Neutro|Leal e Mau|Neutro e Bom|Neutro|Neutro e Mau|Caótico e Bom|Caótico e Neutro|Caótico e Mau,,NAO,,Magia base do clérigo.
CLERIGO_BASE_3_LOCALIZAR_OBJETO,Localizar Objeto,3,CLERIGO_BASE,,NAO,,LIVRE,,,SIM,SIM,SIM,SIM,SIM,SIM,SIM,SIM,SIM,Leal e Bom|Leal e Neutro|Leal e Mau|Neutro e Bom|Neutro|Neutro e Mau|Caótico e Bom|Caótico e Neutro|Caótico e Mau,,NAO,,Magia base do clérigo.
CLERIGO_BASE_3_LUZ_CEGANTE,Luz Cegante,3,CLERIGO_BASE,,NAO,,LIVRE,,,SIM,SIM,SIM,SIM,SIM,SIM,SIM,SIM,SIM,Leal e Bom|Leal e Neutro|Leal e Mau|Neutro e Bom|Neutro|Neutro e Mau|Caótico e Bom|Caótico e Neutro|Caótico e Mau,,NAO,,Magia base do clérigo.
CLERIGO_BASE_3_LUZ_DO_DIA,Luz do Dia,3,CLERIGO_BASE,,NAO,,LIVRE,,,SIM,SIM,SIM,SIM,SIM,SIM,SIM,SIM,SIM,Leal e Bom|Leal e Neutro|Leal e Mau|Neutro e Bom|Neutro|Neutro e Mau|Caótico e Bom|Caótico e Neutro|Caótico e Mau,,NAO,,Magia base do clérigo.
CLERIGO_BASE_3_MAO_OPIFERA,Mão Opífera,3,CLERIGO_BASE,,NAO,,LIVRE,,,SIM,SIM,SIM,SIM,SIM,SIM,SIM,SIM,SIM,Leal e Bom|Leal e Neutro|Leal e Mau|Neutro e Bom|Neutro|Neutro e Mau|Caótico e Bom|Caótico e Neutro|Caótico e Mau,,NAO,,Magia base do clérigo.
CLERIGO_BASE_3_MESCLAR_SE_AS_ROCHAS,Mesclar-se às Rochas,3,CLERIGO_BASE,,NAO,,LIVRE,,,SIM,SIM,SIM,SIM,SIM,SIM,SIM,SIM,SIM,Leal e Bom|Leal e Neutro|Leal e Mau|Neutro e Bom|Neutro|Neutro e Mau|Caótico e Bom|Caótico e Neutro|Caótico e Mau,,NAO,,Magia base do clérigo.
CLERIGO_BASE_3_MOLDAR_ROCHAS,Moldar Rochas,3,CLERIGO_BASE,,NAO,,LIVRE,,,SIM,SIM,SIM,SIM,SIM,SIM,SIM,SIM,SIM,Leal e Bom|Leal e Neutro|Leal e Mau|Neutro e Bom|Neutro|Neutro e Mau|Caótico e Bom|Caótico e Neutro|Caótico e Mau,,NAO,,Magia base do clérigo.
CLERIGO_BASE_3_MURALHA_DE_VENTO,Muralha de Vento,3,CLERIGO_BASE,,NAO,,LIVRE,,,SIM,SIM,SIM,SIM,SIM,SIM,SIM,SIM,SIM,Leal e Bom|Leal e Neutro|Leal e Mau|Neutro e Bom|Neutro|Neutro e Mau|Caótico e Bom|Caótico e Neutro|Caótico e Mau,,NAO,,Magia base do clérigo.
CLERIGO_BASE_3_OBSCURECER_OBJETO,Obscurecer Objeto,3,CLERIGO_BASE,,NAO,,LIVRE,,,SIM,SIM,SIM,SIM,SIM,SIM,SIM,SIM,SIM,Leal e Bom|Leal e Neutro|Leal e Mau|Neutro e Bom|Neutro|Neutro e Mau|Caótico e Bom|Caótico e Neutro|Caótico e Mau,,NAO,,Magia base do clérigo.
CLERIGO_BASE_3_ORACAO,Oração,3,CLERIGO_BASE,,NAO,,LIVRE,,,SIM,SIM,SIM,SIM,SIM,SIM,SIM,SIM,SIM,Leal e Bom|Leal e Neutro|Leal e Mau|Neutro e Bom|Neutro|Neutro e Mau|Caótico e Bom|Caótico e Neutro|Caótico e Mau,,NAO,,Magia base do clérigo.
CLERIGO_BASE_3_PRAGA,Praga,3,CLERIGO_BASE,,NAO,MAL,FAMILIA_FIXA,,,NAO,NAO,SIM,NAO,NAO,SIM,NAO,NAO,SIM,Leal e Mau|Neutro e Mau|Caótico e Mau,Leal e Bom|Leal e Neutro|Neutro e Bom|Neutro|Caótico e Bom|Caótico e Neutro,NAO,,Magia base do clérigo.
CLERIGO_BASE_3_PROTECAO_CONTRA_ELEMENTOS,Proteção Contra Elementos,3,CLERIGO_BASE,,NAO,,LIVRE,,,SIM,SIM,SIM,SIM,SIM,SIM,SIM,SIM,SIM,Leal e Bom|Leal e Neutro|Leal e Mau|Neutro e Bom|Neutro|Neutro e Mau|Caótico e Bom|Caótico e Neutro|Caótico e Mau,,NAO,,Magia base do clérigo.
CLERIGO_BASE_3_PURGAR_INVISIBILIDADE,Purgar Invisibilidade,3,CLERIGO_BASE,,NAO,,LIVRE,,,SIM,SIM,SIM,SIM,SIM,SIM,SIM,SIM,SIM,Leal e Bom|Leal e Neutro|Leal e Mau|Neutro e Bom|Neutro|Neutro e Mau|Caótico e Bom|Caótico e Neutro|Caótico e Mau,,NAO,,Magia base do clérigo.
CLERIGO_BASE_3_REMOVER_CEGUEIRA_SURDEZ,Remover Cegueira / Surdez,3,CLERIGO_BASE,,NAO,,LIVRE,,,SIM,SIM,SIM,SIM,SIM,SIM,SIM,SIM,SIM,Leal e Bom|Leal e Neutro|Leal e Mau|Neutro e Bom|Neutro|Neutro e Mau|Caótico e Bom|Caótico e Neutro|Caótico e Mau,,NAO,,Magia base do clérigo.
CLERIGO_BASE_3_REMOVER_DOENCAS,Remover Doenças,3,CLERIGO_BASE,,NAO,,LIVRE,,,SIM,SIM,SIM,SIM,SIM,SIM,SIM,SIM,SIM,Leal e Bom|Leal e Neutro|Leal e Mau|Neutro e Bom|Neutro|Neutro e Mau|Caótico e Bom|Caótico e Neutro|Caótico e Mau,,NAO,,Magia base do clérigo.
CLERIGO_BASE_3_REMOVER_MALDICAO,Remover Maldição,3,CLERIGO_BASE,,NAO,,LIVRE,,,SIM,SIM,SIM,SIM,SIM,SIM,SIM,SIM,SIM,Leal e Bom|Leal e Neutro|Leal e Mau|Neutro e Bom|Neutro|Neutro e Mau|Caótico e Bom|Caótico e Neutro|Caótico e Mau,,NAO,,Magia base do clérigo.
CLERIGO_BASE_3_RESPIRAR_NA_AGUA,Respirar na Água,3,CLERIGO_BASE,,NAO,,LIVRE,,,SIM,SIM,SIM,SIM,SIM,SIM,SIM,SIM,SIM,Leal e Bom|Leal e Neutro|Leal e Mau|Neutro e Bom|Neutro|Neutro e Mau|Caótico e Bom|Caótico e Neutro|Caótico e Mau,,NAO,,Magia base do clérigo.
CLERIGO_BASE_3_ROGAR_MALDICAO,Rogar Maldição,3,CLERIGO_BASE,,NAO,,LIVRE,,,SIM,SIM,SIM,SIM,SIM,SIM,SIM,SIM,SIM,Leal e Bom|Leal e Neutro|Leal e Mau|Neutro e Bom|Neutro|Neutro e Mau|Caótico e Bom|Caótico e Neutro|Caótico e Mau,,NAO,,Magia base do clérigo.
CLERIGO_BASE_3_ROUPA_ENCANTADA,Roupa Encantada,3,CLERIGO_BASE,,NAO,,LIVRE,,,SIM,SIM,SIM,SIM,SIM,SIM,SIM,SIM,SIM,Leal e Bom|Leal e Neutro|Leal e Mau|Neutro e Bom|Neutro|Neutro e Mau|Caótico e Bom|Caótico e Neutro|Caótico e Mau,,NAO,,Magia base do clérigo.
CLERIGO_BASE_3_SIMBOLO_DE_PROTECAO,Símbolo de Proteção,3,CLERIGO_BASE,,NAO,,LIVRE,,,SIM,SIM,SIM,SIM,SIM,SIM,SIM,SIM,SIM,Leal e Bom|Leal e Neutro|Leal e Mau|Neutro e Bom|Neutro|Neutro e Mau|Caótico e Bom|Caótico e Neutro|Caótico e Mau,,NAO,,Magia base do clérigo.
DOMINIO_AR_3_CAMINHAR_NO_AR,Caminhar no Ar,3,DOMINIO,Ar,SIM,,LIVRE,,,SIM,SIM,SIM,SIM,SIM,SIM,SIM,SIM,SIM,Leal e Bom|Leal e Neutro|Leal e Mau|Neutro e Bom|Neutro|Neutro e Mau|Caótico e Bom|Caótico e Neutro|Caótico e Mau,,SIM,,Magia de domínio; renderizar somente se o clérigo tiver o domínio Ar.
DOMINIO_AR_3_RELAMPAGO,Relâmpago,3,DOMINIO,Ar,SIM,,LIVRE,,,SIM,SIM,SIM,SIM,SIM,SIM,SIM,SIM,SIM,Leal e Bom|Leal e Neutro|Leal e Mau|Neutro e Bom|Neutro|Neutro e Mau|Caótico e Bom|Caótico e Neutro|Caótico e Mau,,SIM,,Magia de domínio; renderizar somente se o clérigo tiver o domínio Ar.
DOMINIO_BEM_3_CIRCULO_MAGICO_CONTRA_O_MAL,Círculo Mágico Contra o Mal,3,DOMINIO,Bem,SIM,BEM,FAMILIA_FIXA,,,SIM,NAO,NAO,SIM,NAO,NAO,SIM,NAO,NAO,Leal e Bom|Neutro e Bom|Caótico e Bom,Leal e Neutro|Leal e Mau|Neutro|Neutro e Mau|Caótico e Neutro|Caótico e Mau,SIM,MAL,Magia de domínio; renderizar somente se o clérigo tiver o domínio Bem. O domínio oposto Mal também bloqueia esta magia.
DOMINIO_BEM_3_ORACAO,Oração,3,DOMINIO,Bem,SIM,BEM,FAMILIA_FIXA,,,SIM,NAO,NAO,SIM,NAO,NAO,SIM,NAO,NAO,Leal e Bom|Neutro e Bom|Caótico e Bom,Leal e Neutro|Leal e Mau|Neutro|Neutro e Mau|Caótico e Neutro|Caótico e Mau,SIM,MAL,Magia de domínio; renderizar somente se o clérigo tiver o domínio Bem. O domínio oposto Mal também bloqueia esta magia.
DOMINIO_BEM_3_REMOVER_MALDICAO,Remover Maldição,3,DOMINIO,Bem,SIM,BEM,FAMILIA_FIXA,,,SIM,NAO,NAO,SIM,NAO,NAO,SIM,NAO,NAO,Leal e Bom|Neutro e Bom|Caótico e Bom,Leal e Neutro|Leal e Mau|Neutro|Neutro e Mau|Caótico e Neutro|Caótico e Mau,SIM,MAL,Magia de domínio; renderizar somente se o clérigo tiver o domínio Bem. O domínio oposto Mal também bloqueia esta magia.
DOMINIO_CAOS_3_CIRCULO_MAGICO_CONTRA_A_ORDEM,Círculo Mágico Contra a Ordem,3,DOMINIO,Caos,SIM,CAOS,FAMILIA_FIXA,,,NAO,NAO,NAO,NAO,NAO,NAO,SIM,SIM,SIM,Caótico e Bom|Caótico e Neutro|Caótico e Mau,Leal e Bom|Leal e Neutro|Leal e Mau|Neutro e Bom|Neutro|Neutro e Mau,SIM,ORDEM,Magia de domínio; renderizar somente se o clérigo tiver o domínio Caos. O domínio oposto Ordem também bloqueia esta magia.
DOMINIO_CAOS_3_INVOCAR_MONSTRO_III,Invocar Monstro III,3,DOMINIO,Caos,SIM,CAOS,FAMILIA_FIXA,,,NAO,NAO,NAO,NAO,NAO,NAO,SIM,SIM,SIM,Caótico e Bom|Caótico e Neutro|Caótico e Mau,Leal e Bom|Leal e Neutro|Leal e Mau|Neutro e Bom|Neutro|Neutro e Mau,SIM,ORDEM,Magia de domínio; renderizar somente se o clérigo tiver o domínio Caos. O domínio oposto Ordem também bloqueia esta magia.
DOMINIO_CONHECIMENTO_3_DISCERNIR_MENTIRAS,Discernir Mentiras,3,DOMINIO,Conhecimento,SIM,,LIVRE,,,SIM,SIM,SIM,SIM,SIM,SIM,SIM,SIM,SIM,Leal e Bom|Leal e Neutro|Leal e Mau|Neutro e Bom|Neutro|Neutro e Mau|Caótico e Bom|Caótico e Neutro|Caótico e Mau,,SIM,,Magia de domínio; renderizar somente se o clérigo tiver o domínio Conhecimento.
DOMINIO_CONHECIMENTO_3_IDIOMAS,Idiomas,3,DOMINIO,Conhecimento,SIM,,LIVRE,,,SIM,SIM,SIM,SIM,SIM,SIM,SIM,SIM,SIM,Leal e Bom|Leal e Neutro|Leal e Mau|Neutro e Bom|Neutro|Neutro e Mau|Caótico e Bom|Caótico e Neutro|Caótico e Mau,,SIM,,Magia de domínio; renderizar somente se o clérigo tiver o domínio Conhecimento.
DOMINIO_CURA_3_CURAR_FERIMENTOS_GRAVES,Curar Ferimentos Graves,3,DOMINIO,Cura,SIM,,LIVRE,,,SIM,SIM,SIM,SIM,SIM,SIM,SIM,SIM,SIM,Leal e Bom|Leal e Neutro|Leal e Mau|Neutro e Bom|Neutro|Neutro e Mau|Caótico e Bom|Caótico e Neutro|Caótico e Mau,,SIM,,Magia de domínio; renderizar somente se o clérigo tiver o domínio Cura.
DOMINIO_CURA_3_REMOVER_CEGUEIRA_SURDEZ,Remover Cegueira / Surdez,3,DOMINIO,Cura,SIM,,LIVRE,,,SIM,SIM,SIM,SIM,SIM,SIM,SIM,SIM,SIM,Leal e Bom|Leal e Neutro|Leal e Mau|Neutro e Bom|Neutro|Neutro e Mau|Caótico e Bom|Caótico e Neutro|Caótico e Mau,,SIM,,Magia de domínio; renderizar somente se o clérigo tiver o domínio Cura.
DOMINIO_CURA_3_REMOVER_DOENCA,Remover Doença,3,DOMINIO,Cura,SIM,,LIVRE,,,SIM,SIM,SIM,SIM,SIM,SIM,SIM,SIM,SIM,Leal e Bom|Leal e Neutro|Leal e Mau|Neutro e Bom|Neutro|Neutro e Mau|Caótico e Bom|Caótico e Neutro|Caótico e Mau,,SIM,,Magia de domínio; renderizar somente se o clérigo tiver o domínio Cura.
DOMINIO_DESTRUICAO_3_INFLIGIR_FERIMENTOS_GRAVES,Infligir Ferimentos Graves,3,DOMINIO,Destruição,SIM,,LIVRE,,,SIM,SIM,SIM,SIM,SIM,SIM,SIM,SIM,SIM,Leal e Bom|Leal e Neutro|Leal e Mau|Neutro e Bom|Neutro|Neutro e Mau|Caótico e Bom|Caótico e Neutro|Caótico e Mau,,SIM,PROTECAO,Magia de domínio; renderizar somente se o clérigo tiver o domínio Destruição. O domínio oposto Protecao também bloqueia esta magia.
DOMINIO_DESTRUICAO_3_RELAMPAGO,Relâmpago,3,DOMINIO,Destruição,SIM,,LIVRE,,,SIM,SIM,SIM,SIM,SIM,SIM,SIM,SIM,SIM,Leal e Bom|Leal e Neutro|Leal e Mau|Neutro e Bom|Neutro|Neutro e Mau|Caótico e Bom|Caótico e Neutro|Caótico e Mau,,SIM,PROTECAO,Magia de domínio; renderizar somente se o clérigo tiver o domínio Destruição. O domínio oposto Protecao também bloqueia esta magia.
DOMINIO_ENGANACAO_3_FALAR_COM_OS_MORTOS,Falar com os Mortos,3,DOMINIO,Enganação,SIM,,LIVRE,,,SIM,SIM,SIM,SIM,SIM,SIM,SIM,SIM,SIM,Leal e Bom|Leal e Neutro|Leal e Mau|Neutro e Bom|Neutro|Neutro e Mau|Caótico e Bom|Caótico e Neutro|Caótico e Mau,,SIM,,Magia de domínio; renderizar somente se o clérigo tiver o domínio Enganação.
DOMINIO_ENGANACAO_3_IMAGEM_MAIOR,Imagem Maior,3,DOMINIO,Enganação,SIM,,LIVRE,,,SIM,SIM,SIM,SIM,SIM,SIM,SIM,SIM,SIM,Leal e Bom|Leal e Neutro|Leal e Mau|Neutro e Bom|Neutro|Neutro e Mau|Caótico e Bom|Caótico e Neutro|Caótico e Mau,,SIM,,Magia de domínio; renderizar somente se o clérigo tiver o domínio Enganação.
DOMINIO_FOGO_3_BOLA_DE_FOGO,Bola de Fogo,3,DOMINIO,Fogo,SIM,,LIVRE,,,SIM,SIM,SIM,SIM,SIM,SIM,SIM,SIM,SIM,Leal e Bom|Leal e Neutro|Leal e Mau|Neutro e Bom|Neutro|Neutro e Mau|Caótico e Bom|Caótico e Neutro|Caótico e Mau,,SIM,,Magia de domínio; renderizar somente se o clérigo tiver o domínio Fogo.
DOMINIO_FOGO_3_MURALHA_DE_FOGO,Muralha de Fogo,3,DOMINIO,Fogo,SIM,,LIVRE,,,SIM,SIM,SIM,SIM,SIM,SIM,SIM,SIM,SIM,Leal e Bom|Leal e Neutro|Leal e Mau|Neutro e Bom|Neutro|Neutro e Mau|Caótico e Bom|Caótico e Neutro|Caótico e Mau,,SIM,,Magia de domínio; renderizar somente se o clérigo tiver o domínio Fogo.
DOMINIO_FORCA_3_ARMA_MAGICA_MAIOR,Arma Mágica Maior,3,DOMINIO,Força,SIM,,LIVRE,,,SIM,SIM,SIM,SIM,SIM,SIM,SIM,SIM,SIM,Leal e Bom|Leal e Neutro|Leal e Mau|Neutro e Bom|Neutro|Neutro e Mau|Caótico e Bom|Caótico e Neutro|Caótico e Mau,,SIM,,Magia de domínio; renderizar somente se o clérigo tiver o domínio Força.
DOMINIO_FORCA_3_ORACAO,Oração,3,DOMINIO,Força,SIM,,LIVRE,,,SIM,SIM,SIM,SIM,SIM,SIM,SIM,SIM,SIM,Leal e Bom|Leal e Neutro|Leal e Mau|Neutro e Bom|Neutro|Neutro e Mau|Caótico e Bom|Caótico e Neutro|Caótico e Mau,,SIM,,Magia de domínio; renderizar somente se o clérigo tiver o domínio Força.
DOMINIO_GUERRA_3_ARMA_MAGICA_MAIOR,Arma Mágica Maior,3,DOMINIO,Guerra,SIM,,LIVRE,,,SIM,SIM,SIM,SIM,SIM,SIM,SIM,SIM,SIM,Leal e Bom|Leal e Neutro|Leal e Mau|Neutro e Bom|Neutro|Neutro e Mau|Caótico e Bom|Caótico e Neutro|Caótico e Mau,,SIM,,Magia de domínio; renderizar somente se o clérigo tiver o domínio Guerra.
DOMINIO_GUERRA_3_ORACAO,Oração,3,DOMINIO,Guerra,SIM,,LIVRE,,,SIM,SIM,SIM,SIM,SIM,SIM,SIM,SIM,SIM,Leal e Bom|Leal e Neutro|Leal e Mau|Neutro e Bom|Neutro|Neutro e Mau|Caótico e Bom|Caótico e Neutro|Caótico e Mau,,SIM,,Magia de domínio; renderizar somente se o clérigo tiver o domínio Guerra.
DOMINIO_MAGIA_3_CONTRAMAGICA,Contramágica,3,DOMINIO,Magia,SIM,,LIVRE,,,SIM,SIM,SIM,SIM,SIM,SIM,SIM,SIM,SIM,Leal e Bom|Leal e Neutro|Leal e Mau|Neutro e Bom|Neutro|Neutro e Mau|Caótico e Bom|Caótico e Neutro|Caótico e Mau,,SIM,,Magia de domínio; renderizar somente se o clérigo tiver o domínio Magia.
DOMINIO_MAGIA_3_DISSIPAR_MAGIA_MAIOR,Dissipar Magia Maior,3,DOMINIO,Magia,SIM,,LIVRE,,,SIM,SIM,SIM,SIM,SIM,SIM,SIM,SIM,SIM,Leal e Bom|Leal e Neutro|Leal e Mau|Neutro e Bom|Neutro|Neutro e Mau|Caótico e Bom|Caótico e Neutro|Caótico e Mau,,SIM,,Magia de domínio; renderizar somente se o clérigo tiver o domínio Magia.
DOMINIO_MAL_3_CIRCULO_MAGICO_CONTRA_O_BEM,Círculo Mágico Contra o Bem,3,DOMINIO,Mal,SIM,MAL,FAMILIA_FIXA,,,NAO,NAO,SIM,NAO,NAO,SIM,NAO,NAO,SIM,Leal e Mau|Neutro e Mau|Caótico e Mau,Leal e Bom|Leal e Neutro|Neutro e Bom|Neutro|Caótico e Bom|Caótico e Neutro,SIM,BEM,Magia de domínio; renderizar somente se o clérigo tiver o domínio Mal. O domínio oposto Bem também bloqueia esta magia.
DOMINIO_MAL_3_INFLIGIR_FERIMENTOS_GRAVES,Infligir Ferimentos Graves,3,DOMINIO,Mal,SIM,MAL,FAMILIA_FIXA,,,NAO,NAO,SIM,NAO,NAO,SIM,NAO,NAO,SIM,Leal e Mau|Neutro e Mau|Caótico e Mau,Leal e Bom|Leal e Neutro|Neutro e Bom|Neutro|Caótico e Bom|Caótico e Neutro,SIM,BEM,Magia de domínio; renderizar somente se o clérigo tiver o domínio Mal. O domínio oposto Bem também bloqueia esta magia.
DOMINIO_MORTE_3_ANIMAR_MORTOS,Animar Mortos,3,DOMINIO,Morte,SIM,,LIVRE,,,SIM,SIM,SIM,SIM,SIM,SIM,SIM,SIM,SIM,Leal e Bom|Leal e Neutro|Leal e Mau|Neutro e Bom|Neutro|Neutro e Mau|Caótico e Bom|Caótico e Neutro|Caótico e Mau,,SIM,,Magia de domínio; renderizar somente se o clérigo tiver o domínio Morte.
DOMINIO_MORTE_3_INFLIGIR_FERIMENTOS_GRAVES,Infligir Ferimentos Graves,3,DOMINIO,Morte,SIM,,LIVRE,,,SIM,SIM,SIM,SIM,SIM,SIM,SIM,SIM,SIM,Leal e Bom|Leal e Neutro|Leal e Mau|Neutro e Bom|Neutro|Neutro e Mau|Caótico e Bom|Caótico e Neutro|Caótico e Mau,,SIM,,Magia de domínio; renderizar somente se o clérigo tiver o domínio Morte.
DOMINIO_PROTECAO_3_CIRCULO_MAGICO_CONTRA_O_CAOS_MAL,Círculo Mágico Contra o Caos/Mal,3,DOMINIO,Proteção,SIM,BEM,FAMILIA_FIXA,,,SIM,NAO,NAO,SIM,NAO,NAO,SIM,NAO,NAO,Leal e Bom|Neutro e Bom|Caótico e Bom,Leal e Neutro|Leal e Mau|Neutro|Neutro e Mau|Caótico e Neutro|Caótico e Mau,SIM,DESTRUICAO,Magia de domínio; renderizar somente se o clérigo tiver o domínio Proteção. O domínio oposto Destruicao também bloqueia esta magia.
DOMINIO_PROTECAO_3_PROTECAO_CONTRA_ELEMENTOS,Proteção Contra Elementos,3,DOMINIO,Proteção,SIM,,LIVRE,,,SIM,SIM,SIM,SIM,SIM,SIM,SIM,SIM,SIM,Leal e Bom|Leal e Neutro|Leal e Mau|Neutro e Bom|Neutro|Neutro e Mau|Caótico e Bom|Caótico e Neutro|Caótico e Mau,,SIM,DESTRUICAO,Magia de domínio; renderizar somente se o clérigo tiver o domínio Proteção. O domínio oposto Destruicao também bloqueia esta magia.
DOMINIO_SOL_3_CEGUEIRA_SURDEZ,Cegueira/Surdez,3,DOMINIO,Sol,SIM,,LIVRE,,,SIM,SIM,SIM,SIM,SIM,SIM,SIM,SIM,SIM,Leal e Bom|Leal e Neutro|Leal e Mau|Neutro e Bom|Neutro|Neutro e Mau|Caótico e Bom|Caótico e Neutro|Caótico e Mau,,SIM,,Magia de domínio; renderizar somente se o clérigo tiver o domínio Sol.
DOMINIO_SOL_3_LUZ_DO_DIA,Luz do Dia,3,DOMINIO,Sol,SIM,,LIVRE,,,SIM,SIM,SIM,SIM,SIM,SIM,SIM,SIM,SIM,Leal e Bom|Leal e Neutro|Leal e Mau|Neutro e Bom|Neutro|Neutro e Mau|Caótico e Bom|Caótico e Neutro|Caótico e Mau,,SIM,,Magia de domínio; renderizar somente se o clérigo tiver o domínio Sol.
DOMINIO_SORTE_3_ORACAO,Oração,3,DOMINIO,Sorte,SIM,,LIVRE,,,SIM,SIM,SIM,SIM,SIM,SIM,SIM,SIM,SIM,Leal e Bom|Leal e Neutro|Leal e Mau|Neutro e Bom|Neutro|Neutro e Mau|Caótico e Bom|Caótico e Neutro|Caótico e Mau,,SIM,,Magia de domínio; renderizar somente se o clérigo tiver o domínio Sorte.
DOMINIO_SORTE_3_REMOVER_MALDICAO,Remover Maldição,3,DOMINIO,Sorte,SIM,,LIVRE,,,SIM,SIM,SIM,SIM,SIM,SIM,SIM,SIM,SIM,Leal e Bom|Leal e Neutro|Leal e Mau|Neutro e Bom|Neutro|Neutro e Mau|Caótico e Bom|Caótico e Neutro|Caótico e Mau,,SIM,,Magia de domínio; renderizar somente se o clérigo tiver o domínio Sorte.
DOMINIO_TERRA_3_MURALHA_DE_PEDRA,Muralha de Pedra,3,DOMINIO,Terra,SIM,,LIVRE,,,SIM,SIM,SIM,SIM,SIM,SIM,SIM,SIM,SIM,Leal e Bom|Leal e Neutro|Leal e Mau|Neutro e Bom|Neutro|Neutro e Mau|Caótico e Bom|Caótico e Neutro|Caótico e Mau,,SIM,,Magia de domínio; renderizar somente se o clérigo tiver o domínio Terra.
DOMINIO_TERRA_3_PEDRA_EM_LAMA,Pedra em Lama,3,DOMINIO,Terra,SIM,,LIVRE,,,SIM,SIM,SIM,SIM,SIM,SIM,SIM,SIM,SIM,Leal e Bom|Leal e Neutro|Leal e Mau|Neutro e Bom|Neutro|Neutro e Mau|Caótico e Bom|Caótico e Neutro|Caótico e Mau,,SIM,,Magia de domínio; renderizar somente se o clérigo tiver o domínio Terra.
DOMINIO_VIAGEM_3_CAMINHAR_NO_AR,Caminhar no Ar,3,DOMINIO,Viagem,SIM,,LIVRE,,,SIM,SIM,SIM,SIM,SIM,SIM,SIM,SIM,SIM,Leal e Bom|Leal e Neutro|Leal e Mau|Neutro e Bom|Neutro|Neutro e Mau|Caótico e Bom|Caótico e Neutro|Caótico e Mau,,SIM,,Magia de domínio; renderizar somente se o clérigo tiver o domínio Viagem.
DOMINIO_VIAGEM_3_TELETRANSPORTE_MENOR,Teletransporte Menor,3,DOMINIO,Viagem,SIM,,LIVRE,,,SIM,SIM,SIM,SIM,SIM,SIM,SIM,SIM,SIM,Leal e Bom|Leal e Neutro|Leal e Mau|Neutro e Bom|Neutro|Neutro e Mau|Caótico e Bom|Caótico e Neutro|Caótico e Mau,,SIM,,Magia de domínio; renderizar somente se o clérigo tiver o domínio Viagem.
CLERIGO_BASE_4_ADIVINHACAO,Adivinhação,4,CLERIGO_BASE,,NAO,,LIVRE,,,SIM,SIM,SIM,SIM,SIM,SIM,SIM,SIM,SIM,Leal e Bom|Leal e Neutro|Leal e Mau|Neutro e Bom|Neutro|Neutro e Mau|Caótico e Bom|Caótico e Neutro|Caótico e Mau,,NAO,,Magia base do clérigo.
CLERIGO_BASE_4_ALIADO_EXTRA_PLANAR_MENOR,Aliado Extra-Planar Menor,4,CLERIGO_BASE,,NAO,,LIVRE,,,SIM,SIM,SIM,SIM,SIM,SIM,SIM,SIM,SIM,Leal e Bom|Leal e Neutro|Leal e Mau|Neutro e Bom|Neutro|Neutro e Mau|Caótico e Bom|Caótico e Neutro|Caótico e Mau,,NAO,,Magia base do clérigo.
CLERIGO_BASE_4_ANCORA_DIMENSIONAL,Âncora Dimensional,4,CLERIGO_BASE,,NAO,,LIVRE,,,SIM,SIM,SIM,SIM,SIM,SIM,SIM,SIM,SIM,Leal e Bom|Leal e Neutro|Leal e Mau|Neutro e Bom|Neutro|Neutro e Mau|Caótico e Bom|Caótico e Neutro|Caótico e Mau,,NAO,,Magia base do clérigo.
CLERIGO_BASE_4_ANDAR_NO_AR,Andar no Ar,4,CLERIGO_BASE,,NAO,,LIVRE,,,SIM,SIM,SIM,SIM,SIM,SIM,SIM,SIM,SIM,Leal e Bom|Leal e Neutro|Leal e Mau|Neutro e Bom|Neutro|Neutro e Mau|Caótico e Bom|Caótico e Neutro|Caótico e Mau,,NAO,,Magia base do clérigo.
CLERIGO_BASE_4_ARMA_MAGICA_MAIOR,Arma Mágica Maior,4,CLERIGO_BASE,,NAO,,LIVRE,,,SIM,SIM,SIM,SIM,SIM,SIM,SIM,SIM,SIM,Leal e Bom|Leal e Neutro|Leal e Mau|Neutro e Bom|Neutro|Neutro e Mau|Caótico e Bom|Caótico e Neutro|Caótico e Mau,,NAO,,Magia base do clérigo.
CLERIGO_BASE_4_CONTROLAR_A_AGUA,Controlar a Água,4,CLERIGO_BASE,,NAO,,LIVRE,,,SIM,SIM,SIM,SIM,SIM,SIM,SIM,SIM,SIM,Leal e Bom|Leal e Neutro|Leal e Mau|Neutro e Bom|Neutro|Neutro e Mau|Caótico e Bom|Caótico e Neutro|Caótico e Mau,,NAO,,Magia base do clérigo.
CLERIGO_BASE_4_CURAR_FERIMENTOS_CRITICOS,Curar Ferimentos Críticos,4,CLERIGO_BASE,,NAO,,LIVRE,,,SIM,SIM,SIM,SIM,SIM,SIM,SIM,SIM,SIM,Leal e Bom|Leal e Neutro|Leal e Mau|Neutro e Bom|Neutro|Neutro e Mau|Caótico e Bom|Caótico e Neutro|Caótico e Mau,,NAO,,Magia base do clérigo.
CLERIGO_BASE_4_DISCERNIR_MENTIRAS,Discernir Mentiras,4,CLERIGO_BASE,,NAO,,LIVRE,,,SIM,SIM,SIM,SIM,SIM,SIM,SIM,SIM,SIM,Leal e Bom|Leal e Neutro|Leal e Mau|Neutro e Bom|Neutro|Neutro e Mau|Caótico e Bom|Caótico e Neutro|Caótico e Mau,,NAO,,Magia base do clérigo.
CLERIGO_BASE_4_ENVENENAMENTO,Envenenamento,4,CLERIGO_BASE,,NAO,,LIVRE,,,SIM,SIM,SIM,SIM,SIM,SIM,SIM,SIM,SIM,Leal e Bom|Leal e Neutro|Leal e Mau|Neutro e Bom|Neutro|Neutro e Mau|Caótico e Bom|Caótico e Neutro|Caótico e Mau,,NAO,,Magia base do clérigo.
CLERIGO_BASE_4_ENVIAR_MENSAGEM,Enviar Mensagem,4,CLERIGO_BASE,,NAO,,LIVRE,,,SIM,SIM,SIM,SIM,SIM,SIM,SIM,SIM,SIM,Leal e Bom|Leal e Neutro|Leal e Mau|Neutro e Bom|Neutro|Neutro e Mau|Caótico e Bom|Caótico e Neutro|Caótico e Mau,,NAO,,Magia base do clérigo.
CLERIGO_BASE_4_EXPULSAO,Expulsão,4,CLERIGO_BASE,,NAO,,LIVRE,,,SIM,SIM,SIM,SIM,SIM,SIM,SIM,SIM,SIM,Leal e Bom|Leal e Neutro|Leal e Mau|Neutro e Bom|Neutro|Neutro e Mau|Caótico e Bom|Caótico e Neutro|Caótico e Mau,,NAO,,Magia base do clérigo.
CLERIGO_BASE_4_IDIOMAS,Idiomas,4,CLERIGO_BASE,,NAO,,LIVRE,,,SIM,SIM,SIM,SIM,SIM,SIM,SIM,SIM,SIM,Leal e Bom|Leal e Neutro|Leal e Mau|Neutro e Bom|Neutro|Neutro e Mau|Caótico e Bom|Caótico e Neutro|Caótico e Mau,,NAO,,Magia base do clérigo.
CLERIGO_BASE_4_IMUNIDADE_A_MAGIA,Imunidade à Magia,4,CLERIGO_BASE,,NAO,,LIVRE,,,SIM,SIM,SIM,SIM,SIM,SIM,SIM,SIM,SIM,Leal e Bom|Leal e Neutro|Leal e Mau|Neutro e Bom|Neutro|Neutro e Mau|Caótico e Bom|Caótico e Neutro|Caótico e Mau,,NAO,,Magia base do clérigo.
CLERIGO_BASE_4_INFLIGIR_FERIMENTOS_CRITICOS,Infligir Ferimentos Críticos,4,CLERIGO_BASE,,NAO,,LIVRE,,,SIM,SIM,SIM,SIM,SIM,SIM,SIM,SIM,SIM,Leal e Bom|Leal e Neutro|Leal e Mau|Neutro e Bom|Neutro|Neutro e Mau|Caótico e Bom|Caótico e Neutro|Caótico e Mau,,NAO,,Magia base do clérigo.
CLERIGO_BASE_4_INSETO_GIGANTE,Inseto Gigante,4,CLERIGO_BASE,,NAO,,LIVRE,,,SIM,SIM,SIM,SIM,SIM,SIM,SIM,SIM,SIM,Leal e Bom|Leal e Neutro|Leal e Mau|Neutro e Bom|Neutro|Neutro e Mau|Caótico e Bom|Caótico e Neutro|Caótico e Mau,,NAO,,Magia base do clérigo.
CLERIGO_BASE_4_INVOCAR_CRIATURAS_IV,Invocar Criaturas IV,4,CLERIGO_BASE,,NAO,,LIVRE,,,SIM,SIM,SIM,SIM,SIM,SIM,SIM,SIM,SIM,Leal e Bom|Leal e Neutro|Leal e Mau|Neutro e Bom|Neutro|Neutro e Mau|Caótico e Bom|Caótico e Neutro|Caótico e Mau,,NAO,,Magia base do clérigo.
CLERIGO_BASE_4_MOVIMENTACAO_LIVRE,Movimentação Livre,4,CLERIGO_BASE,,NAO,,LIVRE,,,SIM,SIM,SIM,SIM,SIM,SIM,SIM,SIM,SIM,Leal e Bom|Leal e Neutro|Leal e Mau|Neutro e Bom|Neutro|Neutro e Mau|Caótico e Bom|Caótico e Neutro|Caótico e Mau,,NAO,,Magia base do clérigo.
CLERIGO_BASE_4_NEUTRALIZAR_VENENOS,Neutralizar Venenos,4,CLERIGO_BASE,,NAO,,LIVRE,,,SIM,SIM,SIM,SIM,SIM,SIM,SIM,SIM,SIM,Leal e Bom|Leal e Neutro|Leal e Mau|Neutro e Bom|Neutro|Neutro e Mau|Caótico e Bom|Caótico e Neutro|Caótico e Mau,,NAO,,Magia base do clérigo.
CLERIGO_BASE_4_PODER_DIVINO,Poder Divino,4,CLERIGO_BASE,,NAO,,LIVRE,,,SIM,SIM,SIM,SIM,SIM,SIM,SIM,SIM,SIM,Leal e Bom|Leal e Neutro|Leal e Mau|Neutro e Bom|Neutro|Neutro e Mau|Caótico e Bom|Caótico e Neutro|Caótico e Mau,,NAO,,Magia base do clérigo.
CLERIGO_BASE_4_PROTECAO_CONTRA_A_MORTE,Proteção Contra a Morte,4,CLERIGO_BASE,,NAO,,LIVRE,,,SIM,SIM,SIM,SIM,SIM,SIM,SIM,SIM,SIM,Leal e Bom|Leal e Neutro|Leal e Mau|Neutro e Bom|Neutro|Neutro e Mau|Caótico e Bom|Caótico e Neutro|Caótico e Mau,,NAO,,Magia base do clérigo.
CLERIGO_BASE_4_REPELIR_INSETOS,Repelir Insetos,4,CLERIGO_BASE,,NAO,,LIVRE,,,SIM,SIM,SIM,SIM,SIM,SIM,SIM,SIM,SIM,Leal e Bom|Leal e Neutro|Leal e Mau|Neutro e Bom|Neutro|Neutro e Mau|Caótico e Bom|Caótico e Neutro|Caótico e Mau,,NAO,,Magia base do clérigo.
CLERIGO_BASE_4_RESTAURACAO,Restauração,4,CLERIGO_BASE,,NAO,,LIVRE,,,SIM,SIM,SIM,SIM,SIM,SIM,SIM,SIM,SIM,Leal e Bom|Leal e Neutro|Leal e Mau|Neutro e Bom|Neutro|Neutro e Mau|Caótico e Bom|Caótico e Neutro|Caótico e Mau,,NAO,,Magia base do clérigo.
CLERIGO_BASE_4_TRANSFERENCIA_DE_PODER_DIVINO,Transferência de Poder Divino,4,CLERIGO_BASE,,NAO,,LIVRE,,,SIM,SIM,SIM,SIM,SIM,SIM,SIM,SIM,SIM,Leal e Bom|Leal e Neutro|Leal e Mau|Neutro e Bom|Neutro|Neutro e Mau|Caótico e Bom|Caótico e Neutro|Caótico e Mau,,NAO,,Magia base do clérigo.
DOMINIO_AR_4_CONTROLAR_O_VENTO,Controlar o Vento,4,DOMINIO,Ar,SIM,,LIVRE,,,SIM,SIM,SIM,SIM,SIM,SIM,SIM,SIM,SIM,Leal e Bom|Leal e Neutro|Leal e Mau|Neutro e Bom|Neutro|Neutro e Mau|Caótico e Bom|Caótico e Neutro|Caótico e Mau,,SIM,,Magia de domínio; renderizar somente se o clérigo tiver o domínio Ar.
DOMINIO_AR_4_TEMPESTADE_DE_GELO,Tempestade de Gelo,4,DOMINIO,Ar,SIM,,LIVRE,,,SIM,SIM,SIM,SIM,SIM,SIM,SIM,SIM,SIM,Leal e Bom|Leal e Neutro|Leal e Mau|Neutro e Bom|Neutro|Neutro e Mau|Caótico e Bom|Caótico e Neutro|Caótico e Mau,,SIM,,Magia de domínio; renderizar somente se o clérigo tiver o domínio Ar.
DOMINIO_BEM_4_DISSIPAR_O_MAL,Dissipar o Mal,4,DOMINIO,Bem,SIM,BEM,FAMILIA_FIXA,,,SIM,NAO,NAO,SIM,NAO,NAO,SIM,NAO,NAO,Leal e Bom|Neutro e Bom|Caótico e Bom,Leal e Neutro|Leal e Mau|Neutro|Neutro e Mau|Caótico e Neutro|Caótico e Mau,SIM,MAL,Magia de domínio; renderizar somente se o clérigo tiver o domínio Bem. O domínio oposto Mal também bloqueia esta magia.
DOMINIO_BEM_4_ESPADA_SAGRADA,Espada Sagrada,4,DOMINIO,Bem,SIM,BEM,FAMILIA_FIXA,,,SIM,NAO,NAO,SIM,NAO,NAO,SIM,NAO,NAO,Leal e Bom|Neutro e Bom|Caótico e Bom,Leal e Neutro|Leal e Mau|Neutro|Neutro e Mau|Caótico e Neutro|Caótico e Mau,SIM,MAL,Magia de domínio; renderizar somente se o clérigo tiver o domínio Bem. O domínio oposto Mal também bloqueia esta magia.
DOMINIO_BEM_4_PROTECAO_CONTRA_A_MORTE,Proteção Contra a Morte,4,DOMINIO,Bem,SIM,BEM,FAMILIA_FIXA,,,SIM,NAO,NAO,SIM,NAO,NAO,SIM,NAO,NAO,Leal e Bom|Neutro e Bom|Caótico e Bom,Leal e Neutro|Leal e Mau|Neutro|Neutro e Mau|Caótico e Neutro|Caótico e Mau,SIM,MAL,Magia de domínio; renderizar somente se o clérigo tiver o domínio Bem. O domínio oposto Mal também bloqueia esta magia.
DOMINIO_CAOS_4_CONFUSAO,Confusão,4,DOMINIO,Caos,SIM,CAOS,FAMILIA_FIXA,,,NAO,NAO,NAO,NAO,NAO,NAO,SIM,SIM,SIM,Caótico e Bom|Caótico e Neutro|Caótico e Mau,Leal e Bom|Leal e Neutro|Leal e Mau|Neutro e Bom|Neutro|Neutro e Mau,SIM,ORDEM,Magia de domínio; renderizar somente se o clérigo tiver o domínio Caos. O domínio oposto Ordem também bloqueia esta magia.
DOMINIO_CAOS_4_DISSIPAR_A_ORDEM,Dissipar a Ordem,4,DOMINIO,Caos,SIM,CAOS,FAMILIA_FIXA,,,NAO,NAO,NAO,NAO,NAO,NAO,SIM,SIM,SIM,Caótico e Bom|Caótico e Neutro|Caótico e Mau,Leal e Bom|Leal e Neutro|Leal e Mau|Neutro e Bom|Neutro|Neutro e Mau,SIM,ORDEM,Magia de domínio; renderizar somente se o clérigo tiver o domínio Caos. O domínio oposto Ordem também bloqueia esta magia.
DOMINIO_CONHECIMENTO_4_ADIVINHACAO,Adivinhação,4,DOMINIO,Conhecimento,SIM,,LIVRE,,,SIM,SIM,SIM,SIM,SIM,SIM,SIM,SIM,SIM,Leal e Bom|Leal e Neutro|Leal e Mau|Neutro e Bom|Neutro|Neutro e Mau|Caótico e Bom|Caótico e Neutro|Caótico e Mau,,SIM,,Magia de domínio; renderizar somente se o clérigo tiver o domínio Conhecimento.
DOMINIO_CONHECIMENTO_4_LOCALIZAR_CRIATURA,Localizar Criatura,4,DOMINIO,Conhecimento,SIM,,LIVRE,,,SIM,SIM,SIM,SIM,SIM,SIM,SIM,SIM,SIM,Leal e Bom|Leal e Neutro|Leal e Mau|Neutro e Bom|Neutro|Neutro e Mau|Caótico e Bom|Caótico e Neutro|Caótico e Mau,,SIM,,Magia de domínio; renderizar somente se o clérigo tiver o domínio Conhecimento.
DOMINIO_CURA_4_CURAR_FERIMENTOS_CRITICOS,Curar Ferimentos Críticos,4,DOMINIO,Cura,SIM,,LIVRE,,,SIM,SIM,SIM,SIM,SIM,SIM,SIM,SIM,SIM,Leal e Bom|Leal e Neutro|Leal e Mau|Neutro e Bom|Neutro|Neutro e Mau|Caótico e Bom|Caótico e Neutro|Caótico e Mau,,SIM,,Magia de domínio; renderizar somente se o clérigo tiver o domínio Cura.
DOMINIO_CURA_4_NEUTRALIZAR_VENENOS,Neutralizar Venenos,4,DOMINIO,Cura,SIM,,LIVRE,,,SIM,SIM,SIM,SIM,SIM,SIM,SIM,SIM,SIM,Leal e Bom|Leal e Neutro|Leal e Mau|Neutro e Bom|Neutro|Neutro e Mau|Caótico e Bom|Caótico e Neutro|Caótico e Mau,,SIM,,Magia de domínio; renderizar somente se o clérigo tiver o domínio Cura.
DOMINIO_CURA_4_RESTAURACAO,Restauração,4,DOMINIO,Cura,SIM,,LIVRE,,,SIM,SIM,SIM,SIM,SIM,SIM,SIM,SIM,SIM,Leal e Bom|Leal e Neutro|Leal e Mau|Neutro e Bom|Neutro|Neutro e Mau|Caótico e Bom|Caótico e Neutro|Caótico e Mau,,SIM,,Magia de domínio; renderizar somente se o clérigo tiver o domínio Cura.
DOMINIO_DESTRUICAO_4_INFLIGIR_FERIMENTOS_CRITICOS,Infligir Ferimentos Críticos,4,DOMINIO,Destruição,SIM,,LIVRE,,,SIM,SIM,SIM,SIM,SIM,SIM,SIM,SIM,SIM,Leal e Bom|Leal e Neutro|Leal e Mau|Neutro e Bom|Neutro|Neutro e Mau|Caótico e Bom|Caótico e Neutro|Caótico e Mau,,SIM,PROTECAO,Magia de domínio; renderizar somente se o clérigo tiver o domínio Destruição. O domínio oposto Protecao também bloqueia esta magia.
DOMINIO_DESTRUICAO_4_TEMPESTADE_DE_GELO,Tempestade de Gelo,4,DOMINIO,Destruição,SIM,,LIVRE,,,SIM,SIM,SIM,SIM,SIM,SIM,SIM,SIM,SIM,Leal e Bom|Leal e Neutro|Leal e Mau|Neutro e Bom|Neutro|Neutro e Mau|Caótico e Bom|Caótico e Neutro|Caótico e Mau,,SIM,PROTECAO,Magia de domínio; renderizar somente se o clérigo tiver o domínio Destruição. O domínio oposto Protecao também bloqueia esta magia.
DOMINIO_ENGANACAO_4_CONFUSAO,Confusão,4,DOMINIO,Enganação,SIM,,LIVRE,,,SIM,SIM,SIM,SIM,SIM,SIM,SIM,SIM,SIM,Leal e Bom|Leal e Neutro|Leal e Mau|Neutro e Bom|Neutro|Neutro e Mau|Caótico e Bom|Caótico e Neutro|Caótico e Mau,,SIM,,Magia de domínio; renderizar somente se o clérigo tiver o domínio Enganação.
DOMINIO_ENGANACAO_4_MODIFICAR_MEMORIA,Modificar Memória,4,DOMINIO,Enganação,SIM,,LIVRE,,,SIM,SIM,SIM,SIM,SIM,SIM,SIM,SIM,SIM,Leal e Bom|Leal e Neutro|Leal e Mau|Neutro e Bom|Neutro|Neutro e Mau|Caótico e Bom|Caótico e Neutro|Caótico e Mau,,SIM,,Magia de domínio; renderizar somente se o clérigo tiver o domínio Enganação.
DOMINIO_FOGO_4_ESCUDO_DE_FOGO,Escudo de Fogo,4,DOMINIO,Fogo,SIM,,LIVRE,,,SIM,SIM,SIM,SIM,SIM,SIM,SIM,SIM,SIM,Leal e Bom|Leal e Neutro|Leal e Mau|Neutro e Bom|Neutro|Neutro e Mau|Caótico e Bom|Caótico e Neutro|Caótico e Mau,,SIM,,Magia de domínio; renderizar somente se o clérigo tiver o domínio Fogo.
DOMINIO_FOGO_4_TEMPESTADE_DE_FOGO,Tempestade de Fogo,4,DOMINIO,Fogo,SIM,,LIVRE,,,SIM,SIM,SIM,SIM,SIM,SIM,SIM,SIM,SIM,Leal e Bom|Leal e Neutro|Leal e Mau|Neutro e Bom|Neutro|Neutro e Mau|Caótico e Bom|Caótico e Neutro|Caótico e Mau,,SIM,,Magia de domínio; renderizar somente se o clérigo tiver o domínio Fogo.
DOMINIO_FORCA_4_ESCUDO_DA_ORDEM,Escudo da Ordem,4,DOMINIO,Força,SIM,ORDEM,FAMILIA_FIXA,,,SIM,SIM,SIM,NAO,NAO,NAO,NAO,NAO,NAO,Leal e Bom|Leal e Neutro|Leal e Mau,Neutro e Bom|Neutro|Neutro e Mau|Caótico e Bom|Caótico e Neutro|Caótico e Mau,SIM,,Magia de domínio; renderizar somente se o clérigo tiver o domínio Força.
DOMINIO_FORCA_4_PELE_ROCHOSA,Pele Rochosa,4,DOMINIO,Força,SIM,,LIVRE,,,SIM,SIM,SIM,SIM,SIM,SIM,SIM,SIM,SIM,Leal e Bom|Leal e Neutro|Leal e Mau|Neutro e Bom|Neutro|Neutro e Mau|Caótico e Bom|Caótico e Neutro|Caótico e Mau,,SIM,,Magia de domínio; renderizar somente se o clérigo tiver o domínio Força.
DOMINIO_GUERRA_4_ESPADA_SAGRADA,Espada Sagrada,4,DOMINIO,Guerra,SIM,BEM,FAMILIA_FIXA,,,SIM,NAO,NAO,SIM,NAO,NAO,SIM,NAO,NAO,Leal e Bom|Neutro e Bom|Caótico e Bom,Leal e Neutro|Leal e Mau|Neutro|Neutro e Mau|Caótico e Neutro|Caótico e Mau,SIM,,Magia de domínio; renderizar somente se o clérigo tiver o domínio Guerra.
DOMINIO_GUERRA_4_PELE_ROCHOSA,Pele Rochosa,4,DOMINIO,Guerra,SIM,,LIVRE,,,SIM,SIM,SIM,SIM,SIM,SIM,SIM,SIM,SIM,Leal e Bom|Leal e Neutro|Leal e Mau|Neutro e Bom|Neutro|Neutro e Mau|Caótico e Bom|Caótico e Neutro|Caótico e Mau,,SIM,,Magia de domínio; renderizar somente se o clérigo tiver o domínio Guerra.
DOMINIO_MAGIA_4_CAMPO_ANTIMAGIA,Campo Antimagia,4,DOMINIO,Magia,SIM,,LIVRE,,,SIM,SIM,SIM,SIM,SIM,SIM,SIM,SIM,SIM,Leal e Bom|Leal e Neutro|Leal e Mau|Neutro e Bom|Neutro|Neutro e Mau|Caótico e Bom|Caótico e Neutro|Caótico e Mau,,SIM,,Magia de domínio; renderizar somente se o clérigo tiver o domínio Magia.
DOMINIO_MAGIA_4_PELE_ROCHOSA,Pele Rochosa,4,DOMINIO,Magia,SIM,,LIVRE,,,SIM,SIM,SIM,SIM,SIM,SIM,SIM,SIM,SIM,Leal e Bom|Leal e Neutro|Leal e Mau|Neutro e Bom|Neutro|Neutro e Mau|Caótico e Bom|Caótico e Neutro|Caótico e Mau,,SIM,,Magia de domínio; renderizar somente se o clérigo tiver o domínio Magia.
DOMINIO_MAL_4_DISSIPAR_O_BEM,Dissipar o Bem,4,DOMINIO,Mal,SIM,MAL,FAMILIA_FIXA,,,NAO,NAO,SIM,NAO,NAO,SIM,NAO,NAO,SIM,Leal e Mau|Neutro e Mau|Caótico e Mau,Leal e Bom|Leal e Neutro|Neutro e Bom|Neutro|Caótico e Bom|Caótico e Neutro,SIM,BEM,Magia de domínio; renderizar somente se o clérigo tiver o domínio Mal. O domínio oposto Bem também bloqueia esta magia.
DOMINIO_MAL_4_INFLIGIR_FERIMENTOS_CRITICOS,Infligir Ferimentos Críticos,4,DOMINIO,Mal,SIM,MAL,FAMILIA_FIXA,,,NAO,NAO,SIM,NAO,NAO,SIM,NAO,NAO,SIM,Leal e Mau|Neutro e Mau|Caótico e Mau,Leal e Bom|Leal e Neutro|Neutro e Bom|Neutro|Caótico e Bom|Caótico e Neutro,SIM,BEM,Magia de domínio; renderizar somente se o clérigo tiver o domínio Mal. O domínio oposto Bem também bloqueia esta magia.
DOMINIO_MORTE_4_INFLIGIR_FERIMENTOS_CRITICOS,Infligir Ferimentos Críticos,4,DOMINIO,Morte,SIM,,LIVRE,,,SIM,SIM,SIM,SIM,SIM,SIM,SIM,SIM,SIM,Leal e Bom|Leal e Neutro|Leal e Mau|Neutro e Bom|Neutro|Neutro e Mau|Caótico e Bom|Caótico e Neutro|Caótico e Mau,,SIM,,Magia de domínio; renderizar somente se o clérigo tiver o domínio Morte.
DOMINIO_MORTE_4_PROTECAO_CONTRA_A_MORTE,Proteção Contra a Morte,4,DOMINIO,Morte,SIM,,LIVRE,,,SIM,SIM,SIM,SIM,SIM,SIM,SIM,SIM,SIM,Leal e Bom|Leal e Neutro|Leal e Mau|Neutro e Bom|Neutro|Neutro e Mau|Caótico e Bom|Caótico e Neutro|Caótico e Mau,,SIM,,Magia de domínio; renderizar somente se o clérigo tiver o domínio Morte.
DOMINIO_PROTECAO_4_ESCUDO_DA_ORDEM,Escudo da Ordem,4,DOMINIO,Proteção,SIM,ORDEM,FAMILIA_FIXA,,,SIM,SIM,SIM,NAO,NAO,NAO,NAO,NAO,NAO,Leal e Bom|Leal e Neutro|Leal e Mau,Neutro e Bom|Neutro|Neutro e Mau|Caótico e Bom|Caótico e Neutro|Caótico e Mau,SIM,DESTRUICAO,Magia de domínio; renderizar somente se o clérigo tiver o domínio Proteção. O domínio oposto Destruicao também bloqueia esta magia.
DOMINIO_PROTECAO_4_PELE_ROCHOSA,Pele Rochosa,4,DOMINIO,Proteção,SIM,,LIVRE,,,SIM,SIM,SIM,SIM,SIM,SIM,SIM,SIM,SIM,Leal e Bom|Leal e Neutro|Leal e Mau|Neutro e Bom|Neutro|Neutro e Mau|Caótico e Bom|Caótico e Neutro|Caótico e Mau,,SIM,DESTRUICAO,Magia de domínio; renderizar somente se o clérigo tiver o domínio Proteção. O domínio oposto Destruicao também bloqueia esta magia.
DOMINIO_PROTECAO_4_PROTECAO_CONTRA_A_MORTE,Proteção Contra a Morte,4,DOMINIO,Proteção,SIM,,LIVRE,,,SIM,SIM,SIM,SIM,SIM,SIM,SIM,SIM,SIM,Leal e Bom|Leal e Neutro|Leal e Mau|Neutro e Bom|Neutro|Neutro e Mau|Caótico e Bom|Caótico e Neutro|Caótico e Mau,,SIM,DESTRUICAO,Magia de domínio; renderizar somente se o clérigo tiver o domínio Proteção. O domínio oposto Destruicao também bloqueia esta magia.
DOMINIO_SOL_4_ESCUDO_DE_FOGO,Escudo de Fogo,4,DOMINIO,Sol,SIM,,LIVRE,,,SIM,SIM,SIM,SIM,SIM,SIM,SIM,SIM,SIM,Leal e Bom|Leal e Neutro|Leal e Mau|Neutro e Bom|Neutro|Neutro e Mau|Caótico e Bom|Caótico e Neutro|Caótico e Mau,,SIM,,Magia de domínio; renderizar somente se o clérigo tiver o domínio Sol.
DOMINIO_SOL_4_TEMPESTADE_DE_FOGO,Tempestade de Fogo,4,DOMINIO,Sol,SIM,,LIVRE,,,SIM,SIM,SIM,SIM,SIM,SIM,SIM,SIM,SIM,Leal e Bom|Leal e Neutro|Leal e Mau|Neutro e Bom|Neutro|Neutro e Mau|Caótico e Bom|Caótico e Neutro|Caótico e Mau,,SIM,,Magia de domínio; renderizar somente se o clérigo tiver o domínio Sol.
DOMINIO_SORTE_4_ADIVINHACAO,Adivinhação,4,DOMINIO,Sorte,SIM,,LIVRE,,,SIM,SIM,SIM,SIM,SIM,SIM,SIM,SIM,SIM,Leal e Bom|Leal e Neutro|Leal e Mau|Neutro e Bom|Neutro|Neutro e Mau|Caótico e Bom|Caótico e Neutro|Caótico e Mau,,SIM,,Magia de domínio; renderizar somente se o clérigo tiver o domínio Sorte.
DOMINIO_SORTE_4_LIBERDADE_DE_MOVIMENTO,Liberdade de Movimento,4,DOMINIO,Sorte,SIM,,LIVRE,,,SIM,SIM,SIM,SIM,SIM,SIM,SIM,SIM,SIM,Leal e Bom|Leal e Neutro|Leal e Mau|Neutro e Bom|Neutro|Neutro e Mau|Caótico e Bom|Caótico e Neutro|Caótico e Mau,,SIM,,Magia de domínio; renderizar somente se o clérigo tiver o domínio Sorte.
DOMINIO_TERRA_4_PELE_ROCHOSA,Pele Rochosa,4,DOMINIO,Terra,SIM,,LIVRE,,,SIM,SIM,SIM,SIM,SIM,SIM,SIM,SIM,SIM,Leal e Bom|Leal e Neutro|Leal e Mau|Neutro e Bom|Neutro|Neutro e Mau|Caótico e Bom|Caótico e Neutro|Caótico e Mau,,SIM,,Magia de domínio; renderizar somente se o clérigo tiver o domínio Terra.
DOMINIO_TERRA_4_TERREMOTO,Terremoto,4,DOMINIO,Terra,SIM,,LIVRE,,,SIM,SIM,SIM,SIM,SIM,SIM,SIM,SIM,SIM,Leal e Bom|Leal e Neutro|Leal e Mau|Neutro e Bom|Neutro|Neutro e Mau|Caótico e Bom|Caótico e Neutro|Caótico e Mau,,SIM,,Magia de domínio; renderizar somente se o clérigo tiver o domínio Terra.
DOMINIO_VIAGEM_4_LIBERDADE_DE_MOVIMENTO,Liberdade de Movimento,4,DOMINIO,Viagem,SIM,,LIVRE,,,SIM,SIM,SIM,SIM,SIM,SIM,SIM,SIM,SIM,Leal e Bom|Leal e Neutro|Leal e Mau|Neutro e Bom|Neutro|Neutro e Mau|Caótico e Bom|Caótico e Neutro|Caótico e Mau,,SIM,,Magia de domínio; renderizar somente se o clérigo tiver o domínio Viagem.
DOMINIO_VIAGEM_4_LOCALIZAR_CRIATURA,Localizar Criatura,4,DOMINIO,Viagem,SIM,,LIVRE,,,SIM,SIM,SIM,SIM,SIM,SIM,SIM,SIM,SIM,Leal e Bom|Leal e Neutro|Leal e Mau|Neutro e Bom|Neutro|Neutro e Mau|Caótico e Bom|Caótico e Neutro|Caótico e Mau,,SIM,,Magia de domínio; renderizar somente se o clérigo tiver o domínio Viagem.
CLERIGO_BASE_5_ARMA_DO_ROMPIMENTO,Arma do Rompimento,5,CLERIGO_BASE,,NAO,,LIVRE,,,SIM,SIM,SIM,SIM,SIM,SIM,SIM,SIM,SIM,Leal e Bom|Leal e Neutro|Leal e Mau|Neutro e Bom|Neutro|Neutro e Mau|Caótico e Bom|Caótico e Neutro|Caótico e Mau,,NAO,,Magia base do clérigo.
CLERIGO_BASE_5_CANCELAR_ENCANTAMENTO,Cancelar Encantamento,5,CLERIGO_BASE,,NAO,,LIVRE,,,SIM,SIM,SIM,SIM,SIM,SIM,SIM,SIM,SIM,Leal e Bom|Leal e Neutro|Leal e Mau|Neutro e Bom|Neutro|Neutro e Mau|Caótico e Bom|Caótico e Neutro|Caótico e Mau,,NAO,,Magia base do clérigo.
CLERIGO_BASE_5_COLUNA_DE_CHAMAS,Coluna de Chamas,5,CLERIGO_BASE,,NAO,,LIVRE,,,SIM,SIM,SIM,SIM,SIM,SIM,SIM,SIM,SIM,Leal e Bom|Leal e Neutro|Leal e Mau|Neutro e Bom|Neutro|Neutro e Mau|Caótico e Bom|Caótico e Neutro|Caótico e Mau,,NAO,,Magia base do clérigo.
CLERIGO_BASE_5_COMANDO_MAIOR,Comando Maior,5,CLERIGO_BASE,,NAO,,LIVRE,,,SIM,SIM,SIM,SIM,SIM,SIM,SIM,SIM,SIM,Leal e Bom|Leal e Neutro|Leal e Mau|Neutro e Bom|Neutro|Neutro e Mau|Caótico e Bom|Caótico e Neutro|Caótico e Mau,,NAO,,Magia base do clérigo.
CLERIGO_BASE_5_COMUNHAO,Comunhão,5,CLERIGO_BASE,,NAO,,LIVRE,,,SIM,SIM,SIM,SIM,SIM,SIM,SIM,SIM,SIM,Leal e Bom|Leal e Neutro|Leal e Mau|Neutro e Bom|Neutro|Neutro e Mau|Caótico e Bom|Caótico e Neutro|Caótico e Mau,,NAO,,Magia base do clérigo.
CLERIGO_BASE_5_CONSPURCAR,Conspurcar,5,CLERIGO_BASE,,NAO,MAL,FAMILIA_FIXA,,,NAO,NAO,SIM,NAO,NAO,SIM,NAO,NAO,SIM,Leal e Mau|Neutro e Mau|Caótico e Mau,Leal e Bom|Leal e Neutro|Neutro e Bom|Neutro|Caótico e Bom|Caótico e Neutro,NAO,,Magia base do clérigo.
CLERIGO_BASE_5_CURAR_FERIMENTOS_LEVES_EM_MASSA,Curar Ferimentos Leves em Massa,5,CLERIGO_BASE,,NAO,,LIVRE,,,SIM,SIM,SIM,SIM,SIM,SIM,SIM,SIM,SIM,Leal e Bom|Leal e Neutro|Leal e Mau|Neutro e Bom|Neutro|Neutro e Mau|Caótico e Bom|Caótico e Neutro|Caótico e Mau,,NAO,,Magia base do clérigo.
CLERIGO_BASE_5_DISSIPAR_CAOS_MAL_BEM_ORDEM,Dissipar Caos / Mal / Bem / Ordem,5,CLERIGO_BASE,,NAO,ORDEM,SUBVARIANTE_TENDENCIA,BEM|MAL|ORDEM|CAOS,LEAL_E_BOM:BEM|ORDEM;LEAL_E_NEUTRO:ORDEM;LEAL_E_MAU:MAL|ORDEM;NEUTRO_E_BOM:BEM;NEUTRO:;NEUTRO_E_MAU:MAL;CAOTICO_E_BOM:BEM|CAOS;CAOTICO_E_NEUTRO:CAOS;CAOTICO_E_MAU:MAL|CAOS,SIM,SIM,SIM,SIM,SIM,SIM,SIM,SIM,SIM,Leal e Bom|Leal e Neutro|Leal e Mau|Neutro e Bom|Neutro|Neutro e Mau|Caótico e Bom|Caótico e Neutro|Caótico e Mau,,NAO,,Magia base do clérigo; catálogo atual usa entrada genérica e a UI deve filtrar a subvariante compatível.
CLERIGO_BASE_5_FORCA_DOS_JUSTOS,Força dos Justos,5,CLERIGO_BASE,,NAO,,LIVRE,,,SIM,SIM,SIM,SIM,SIM,SIM,SIM,SIM,SIM,Leal e Bom|Leal e Neutro|Leal e Mau|Neutro e Bom|Neutro|Neutro e Mau|Caótico e Bom|Caótico e Neutro|Caótico e Mau,,NAO,,Magia base do clérigo.
CLERIGO_BASE_5_INFLIGIR_FERIMENTOS_LEVES_EM_MASSA,Infligir Ferimentos Leves em Massa,5,CLERIGO_BASE,,NAO,,LIVRE,,,SIM,SIM,SIM,SIM,SIM,SIM,SIM,SIM,SIM,Leal e Bom|Leal e Neutro|Leal e Mau|Neutro e Bom|Neutro|Neutro e Mau|Caótico e Bom|Caótico e Neutro|Caótico e Mau,,NAO,,Magia base do clérigo.
CLERIGO_BASE_5_INVOCAR_CRIATURAS_V,Invocar Criaturas V,5,CLERIGO_BASE,,NAO,,LIVRE,,,SIM,SIM,SIM,SIM,SIM,SIM,SIM,SIM,SIM,Leal e Bom|Leal e Neutro|Leal e Mau|Neutro e Bom|Neutro|Neutro e Mau|Caótico e Bom|Caótico e Neutro|Caótico e Mau,,NAO,,Magia base do clérigo.
CLERIGO_BASE_5_MARCA_DA_JUSTICA,Marca da Justiça,5,CLERIGO_BASE,,NAO,,LIVRE,,,SIM,SIM,SIM,SIM,SIM,SIM,SIM,SIM,SIM,Leal e Bom|Leal e Neutro|Leal e Mau|Neutro e Bom|Neutro|Neutro e Mau|Caótico e Bom|Caótico e Neutro|Caótico e Mau,,NAO,,Magia base do clérigo.
CLERIGO_BASE_5_MATAR,Matar,5,CLERIGO_BASE,,NAO,,LIVRE,,,SIM,SIM,SIM,SIM,SIM,SIM,SIM,SIM,SIM,Leal e Bom|Leal e Neutro|Leal e Mau|Neutro e Bom|Neutro|Neutro e Mau|Caótico e Bom|Caótico e Neutro|Caótico e Mau,,NAO,,Magia base do clérigo.
CLERIGO_BASE_5_MURALHA_DE_PEDRA,Muralha de Pedra,5,CLERIGO_BASE,,NAO,,LIVRE,,,SIM,SIM,SIM,SIM,SIM,SIM,SIM,SIM,SIM,Leal e Bom|Leal e Neutro|Leal e Mau|Neutro e Bom|Neutro|Neutro e Mau|Caótico e Bom|Caótico e Neutro|Caótico e Mau,,NAO,,Magia base do clérigo.
CLERIGO_BASE_5_PENITENCIA,Penitência,5,CLERIGO_BASE,,NAO,,LIVRE,,,SIM,SIM,SIM,SIM,SIM,SIM,SIM,SIM,SIM,Leal e Bom|Leal e Neutro|Leal e Mau|Neutro e Bom|Neutro|Neutro e Mau|Caótico e Bom|Caótico e Neutro|Caótico e Mau,,NAO,,Magia base do clérigo.
CLERIGO_BASE_5_PRAGA_DE_INSETOS,Praga de Insetos,5,CLERIGO_BASE,,NAO,,LIVRE,,,SIM,SIM,SIM,SIM,SIM,SIM,SIM,SIM,SIM,Leal e Bom|Leal e Neutro|Leal e Mau|Neutro e Bom|Neutro|Neutro e Mau|Caótico e Bom|Caótico e Neutro|Caótico e Mau,,NAO,,Magia base do clérigo.
CLERIGO_BASE_5_RESISTENCIA_A_MAGIA,Resistência à Magia,5,CLERIGO_BASE,,NAO,,LIVRE,,,SIM,SIM,SIM,SIM,SIM,SIM,SIM,SIM,SIM,Leal e Bom|Leal e Neutro|Leal e Mau|Neutro e Bom|Neutro|Neutro e Mau|Caótico e Bom|Caótico e Neutro|Caótico e Mau,,NAO,,Magia base do clérigo.
CLERIGO_BASE_5_REVIVER_OS_MORTOS,Reviver os Mortos,5,CLERIGO_BASE,,NAO,,LIVRE,,,SIM,SIM,SIM,SIM,SIM,SIM,SIM,SIM,SIM,Leal e Bom|Leal e Neutro|Leal e Mau|Neutro e Bom|Neutro|Neutro e Mau|Caótico e Bom|Caótico e Neutro|Caótico e Mau,,NAO,,Magia base do clérigo.
CLERIGO_BASE_5_SANTIFICAR,Santificar,5,CLERIGO_BASE,,NAO,BEM,FAMILIA_FIXA,,,SIM,NAO,NAO,SIM,NAO,NAO,SIM,NAO,NAO,Leal e Bom|Neutro e Bom|Caótico e Bom,Leal e Neutro|Leal e Mau|Neutro|Neutro e Mau|Caótico e Neutro|Caótico e Mau,NAO,,Magia base do clérigo.
CLERIGO_BASE_5_SIMBOLO_DA_DOR,Símbolo da Dor,5,CLERIGO_BASE,,NAO,MAL,FAMILIA_FIXA,,,NAO,NAO,SIM,NAO,NAO,SIM,NAO,NAO,SIM,Leal e Mau|Neutro e Mau|Caótico e Mau,Leal e Bom|Leal e Neutro|Neutro e Bom|Neutro|Caótico e Bom|Caótico e Neutro,NAO,,Magia base do clérigo.
CLERIGO_BASE_5_SIMBOLO_DO_SONO,Símbolo do Sono,5,CLERIGO_BASE,,NAO,,LIVRE,,,SIM,SIM,SIM,SIM,SIM,SIM,SIM,SIM,SIM,Leal e Bom|Leal e Neutro|Leal e Mau|Neutro e Bom|Neutro|Neutro e Mau|Caótico e Bom|Caótico e Neutro|Caótico e Mau,,NAO,,Magia base do clérigo.
CLERIGO_BASE_5_VIAGEM_PLANAR,Viagem Planar,5,CLERIGO_BASE,,NAO,,LIVRE,,,SIM,SIM,SIM,SIM,SIM,SIM,SIM,SIM,SIM,Leal e Bom|Leal e Neutro|Leal e Mau|Neutro e Bom|Neutro|Neutro e Mau|Caótico e Bom|Caótico e Neutro|Caótico e Mau,,NAO,,Magia base do clérigo.
CLERIGO_BASE_5_VIDENCIA,Vidência,5,CLERIGO_BASE,,NAO,,LIVRE,,,SIM,SIM,SIM,SIM,SIM,SIM,SIM,SIM,SIM,Leal e Bom|Leal e Neutro|Leal e Mau|Neutro e Bom|Neutro|Neutro e Mau|Caótico e Bom|Caótico e Neutro|Caótico e Mau,,NAO,,Magia base do clérigo.
CLERIGO_BASE_5_VISAO_DA_VERDADE,Visão da Verdade,5,CLERIGO_BASE,,NAO,,LIVRE,,,SIM,SIM,SIM,SIM,SIM,SIM,SIM,SIM,SIM,Leal e Bom|Leal e Neutro|Leal e Mau|Neutro e Bom|Neutro|Neutro e Mau|Caótico e Bom|Caótico e Neutro|Caótico e Mau,,NAO,,Magia base do clérigo.
DOMINIO_AR_5_INVOCAR_MONSTRO_V,Invocar Monstro V,5,DOMINIO,Ar,SIM,,LIVRE,,,SIM,SIM,SIM,SIM,SIM,SIM,SIM,SIM,SIM,Leal e Bom|Leal e Neutro|Leal e Mau|Neutro e Bom|Neutro|Neutro e Mau|Caótico e Bom|Caótico e Neutro|Caótico e Mau,,SIM,,Magia de domínio; renderizar somente se o clérigo tiver o domínio Ar.
DOMINIO_AR_5_NEVOA_SOLIDA,Névoa Sólida,5,DOMINIO,Ar,SIM,,LIVRE,,,SIM,SIM,SIM,SIM,SIM,SIM,SIM,SIM,SIM,Leal e Bom|Leal e Neutro|Leal e Mau|Neutro e Bom|Neutro|Neutro e Mau|Caótico e Bom|Caótico e Neutro|Caótico e Mau,,SIM,,Magia de domínio; renderizar somente se o clérigo tiver o domínio Ar.
DOMINIO_BEM_5_COLUNA_DE_CHAMAS,Coluna de Chamas,5,DOMINIO,Bem,SIM,BEM,FAMILIA_FIXA,,,SIM,NAO,NAO,SIM,NAO,NAO,SIM,NAO,NAO,Leal e Bom|Neutro e Bom|Caótico e Bom,Leal e Neutro|Leal e Mau|Neutro|Neutro e Mau|Caótico e Neutro|Caótico e Mau,SIM,MAL,Magia de domínio; renderizar somente se o clérigo tiver o domínio Bem. O domínio oposto Mal também bloqueia esta magia.
DOMINIO_BEM_5_INVOCAR_MONSTRO_V,Invocar Monstro V,5,DOMINIO,Bem,SIM,BEM,FAMILIA_FIXA,,,SIM,NAO,NAO,SIM,NAO,NAO,SIM,NAO,NAO,Leal e Bom|Neutro e Bom|Caótico e Bom,Leal e Neutro|Leal e Mau|Neutro|Neutro e Mau|Caótico e Neutro|Caótico e Mau,SIM,MAL,Magia de domínio; renderizar somente se o clérigo tiver o domínio Bem. O domínio oposto Mal também bloqueia esta magia.
DOMINIO_BEM_5_SIMBOLO_DA_ESPERANCA,Símbolo da Esperança,5,DOMINIO,Bem,SIM,BEM,FAMILIA_FIXA,,,SIM,NAO,NAO,SIM,NAO,NAO,SIM,NAO,NAO,Leal e Bom|Neutro e Bom|Caótico e Bom,Leal e Neutro|Leal e Mau|Neutro|Neutro e Mau|Caótico e Neutro|Caótico e Mau,SIM,MAL,Magia de domínio; renderizar somente se o clérigo tiver o domínio Bem. O domínio oposto Mal também bloqueia esta magia.
DOMINIO_CAOS_5_CAOS,Caos,5,DOMINIO,Caos,SIM,CAOS,FAMILIA_FIXA,,,NAO,NAO,NAO,NAO,NAO,NAO,SIM,SIM,SIM,Caótico e Bom|Caótico e Neutro|Caótico e Mau,Leal e Bom|Leal e Neutro|Leal e Mau|Neutro e Bom|Neutro|Neutro e Mau,SIM,ORDEM,Magia de domínio; renderizar somente se o clérigo tiver o domínio Caos. O domínio oposto Ordem também bloqueia esta magia.
DOMINIO_CAOS_5_INVOCAR_MONSTRO_V,Invocar Monstro V,5,DOMINIO,Caos,SIM,CAOS,FAMILIA_FIXA,,,NAO,NAO,NAO,NAO,NAO,NAO,SIM,SIM,SIM,Caótico e Bom|Caótico e Neutro|Caótico e Mau,Leal e Bom|Leal e Neutro|Leal e Mau|Neutro e Bom|Neutro|Neutro e Mau,SIM,ORDEM,Magia de domínio; renderizar somente se o clérigo tiver o domínio Caos. O domínio oposto Ordem também bloqueia esta magia.
DOMINIO_CONHECIMENTO_5_COMUNHAO,Comunhão,5,DOMINIO,Conhecimento,SIM,,LIVRE,,,SIM,SIM,SIM,SIM,SIM,SIM,SIM,SIM,SIM,Leal e Bom|Leal e Neutro|Leal e Mau|Neutro e Bom|Neutro|Neutro e Mau|Caótico e Bom|Caótico e Neutro|Caótico e Mau,,SIM,,Magia de domínio; renderizar somente se o clérigo tiver o domínio Conhecimento.
DOMINIO_CONHECIMENTO_5_VISAO_DA_VERDADE,Visão da Verdade,5,DOMINIO,Conhecimento,SIM,,LIVRE,,,SIM,SIM,SIM,SIM,SIM,SIM,SIM,SIM,SIM,Leal e Bom|Leal e Neutro|Leal e Mau|Neutro e Bom|Neutro|Neutro e Mau|Caótico e Bom|Caótico e Neutro|Caótico e Mau,,SIM,,Magia de domínio; renderizar somente se o clérigo tiver o domínio Conhecimento.
DOMINIO_CURA_5_ALIVIAR_FERIMENTOS_GRAVES,Aliviar Ferimentos Graves,5,DOMINIO,Cura,SIM,,LIVRE,,,SIM,SIM,SIM,SIM,SIM,SIM,SIM,SIM,SIM,Leal e Bom|Leal e Neutro|Leal e Mau|Neutro e Bom|Neutro|Neutro e Mau|Caótico e Bom|Caótico e Neutro|Caótico e Mau,,SIM,,Magia de domínio; renderizar somente se o clérigo tiver o domínio Cura.
DOMINIO_CURA_5_CURA_COMPLETA,Cura Completa,5,DOMINIO,Cura,SIM,,LIVRE,,,SIM,SIM,SIM,SIM,SIM,SIM,SIM,SIM,SIM,Leal e Bom|Leal e Neutro|Leal e Mau|Neutro e Bom|Neutro|Neutro e Mau|Caótico e Bom|Caótico e Neutro|Caótico e Mau,,SIM,,Magia de domínio; renderizar somente se o clérigo tiver o domínio Cura.
DOMINIO_DESTRUICAO_5_COLUNA_DE_CHAMAS,Coluna de Chamas,5,DOMINIO,Destruição,SIM,BEM,FAMILIA_FIXA,,,SIM,NAO,NAO,SIM,NAO,NAO,SIM,NAO,NAO,Leal e Bom|Neutro e Bom|Caótico e Bom,Leal e Neutro|Leal e Mau|Neutro|Neutro e Mau|Caótico e Neutro|Caótico e Mau,SIM,PROTECAO,Magia de domínio; renderizar somente se o clérigo tiver o domínio Destruição. O domínio oposto Protecao também bloqueia esta magia.
DOMINIO_DESTRUICAO_5_INFLIGIR_FERIMENTOS_LEVES_EM_MASSA,Infligir Ferimentos Leves em Massa,5,DOMINIO,Destruição,SIM,,LIVRE,,,SIM,SIM,SIM,SIM,SIM,SIM,SIM,SIM,SIM,Leal e Bom|Leal e Neutro|Leal e Mau|Neutro e Bom|Neutro|Neutro e Mau|Caótico e Bom|Caótico e Neutro|Caótico e Mau,,SIM,PROTECAO,Magia de domínio; renderizar somente se o clérigo tiver o domínio Destruição. O domínio oposto Protecao também bloqueia esta magia.
DOMINIO_ENGANACAO_5_ENGANAR,Enganar,5,DOMINIO,Enganação,SIM,,LIVRE,,,SIM,SIM,SIM,SIM,SIM,SIM,SIM,SIM,SIM,Leal e Bom|Leal e Neutro|Leal e Mau|Neutro e Bom|Neutro|Neutro e Mau|Caótico e Bom|Caótico e Neutro|Caótico e Mau,,SIM,,Magia de domínio; renderizar somente se o clérigo tiver o domínio Enganação.
DOMINIO_ENGANACAO_5_SUGESTAO_EM_MASSA,Sugestão em Massa,5,DOMINIO,Enganação,SIM,,LIVRE,,,SIM,SIM,SIM,SIM,SIM,SIM,SIM,SIM,SIM,Leal e Bom|Leal e Neutro|Leal e Mau|Neutro e Bom|Neutro|Neutro e Mau|Caótico e Bom|Caótico e Neutro|Caótico e Mau,,SIM,,Magia de domínio; renderizar somente se o clérigo tiver o domínio Enganação.
DOMINIO_FOGO_5_COLUNA_DE_CHAMAS,Coluna de Chamas,5,DOMINIO,Fogo,SIM,BEM,FAMILIA_FIXA,,,SIM,NAO,NAO,SIM,NAO,NAO,SIM,NAO,NAO,Leal e Bom|Neutro e Bom|Caótico e Bom,Leal e Neutro|Leal e Mau|Neutro|Neutro e Mau|Caótico e Neutro|Caótico e Mau,SIM,,Magia de domínio; renderizar somente se o clérigo tiver o domínio Fogo.
DOMINIO_FOGO_5_INVOCAR_MONSTRO_V,Invocar Monstro V,5,DOMINIO,Fogo,SIM,,LIVRE,,,SIM,SIM,SIM,SIM,SIM,SIM,SIM,SIM,SIM,Leal e Bom|Leal e Neutro|Leal e Mau|Neutro e Bom|Neutro|Neutro e Mau|Caótico e Bom|Caótico e Neutro|Caótico e Mau,,SIM,,Magia de domínio; renderizar somente se o clérigo tiver o domínio Fogo.
DOMINIO_FORCA_5_FORCA_DE_TOURO_EM_MASSA,Força de Touro em Massa,5,DOMINIO,Força,SIM,,LIVRE,,,SIM,SIM,SIM,SIM,SIM,SIM,SIM,SIM,SIM,Leal e Bom|Leal e Neutro|Leal e Mau|Neutro e Bom|Neutro|Neutro e Mau|Caótico e Bom|Caótico e Neutro|Caótico e Mau,,SIM,,Magia de domínio; renderizar somente se o clérigo tiver o domínio Força.
DOMINIO_FORCA_5_MURALHA_DE_FORCA,Muralha de Força,5,DOMINIO,Força,SIM,,LIVRE,,,SIM,SIM,SIM,SIM,SIM,SIM,SIM,SIM,SIM,Leal e Bom|Leal e Neutro|Leal e Mau|Neutro e Bom|Neutro|Neutro e Mau|Caótico e Bom|Caótico e Neutro|Caótico e Mau,,SIM,,Magia de domínio; renderizar somente se o clérigo tiver o domínio Força.
DOMINIO_GUERRA_5_COLUNA_DE_CHAMAS,Coluna de Chamas,5,DOMINIO,Guerra,SIM,BEM,FAMILIA_FIXA,,,SIM,NAO,NAO,SIM,NAO,NAO,SIM,NAO,NAO,Leal e Bom|Neutro e Bom|Caótico e Bom,Leal e Neutro|Leal e Mau|Neutro|Neutro e Mau|Caótico e Neutro|Caótico e Mau,SIM,,Magia de domínio; renderizar somente se o clérigo tiver o domínio Guerra.
DOMINIO_GUERRA_5_INVOCAR_MONSTRO_V,Invocar Monstro V,5,DOMINIO,Guerra,SIM,,LIVRE,,,SIM,SIM,SIM,SIM,SIM,SIM,SIM,SIM,SIM,Leal e Bom|Leal e Neutro|Leal e Mau|Neutro e Bom|Neutro|Neutro e Mau|Caótico e Bom|Caótico e Neutro|Caótico e Mau,,SIM,,Magia de domínio; renderizar somente se o clérigo tiver o domínio Guerra.
DOMINIO_MAGIA_5_DISJUNCAO_DE_MORDENKAINEN,Disjunção de Mordenkainen,5,DOMINIO,Magia,SIM,,LIVRE,,,SIM,SIM,SIM,SIM,SIM,SIM,SIM,SIM,SIM,Leal e Bom|Leal e Neutro|Leal e Mau|Neutro e Bom|Neutro|Neutro e Mau|Caótico e Bom|Caótico e Neutro|Caótico e Mau,,SIM,,Magia de domínio; renderizar somente se o clérigo tiver o domínio Magia.
DOMINIO_MAGIA_5_INVOCAR_MONSTRO_V,Invocar Monstro V,5,DOMINIO,Magia,SIM,,LIVRE,,,SIM,SIM,SIM,SIM,SIM,SIM,SIM,SIM,SIM,Leal e Bom|Leal e Neutro|Leal e Mau|Neutro e Bom|Neutro|Neutro e Mau|Caótico e Bom|Caótico e Neutro|Caótico e Mau,,SIM,,Magia de domínio; renderizar somente se o clérigo tiver o domínio Magia.
DOMINIO_MAL_5_INFLIGIR_FERIMENTOS_LEVES_EM_MASSA,Infligir Ferimentos Leves em Massa,5,DOMINIO,Mal,SIM,MAL,FAMILIA_FIXA,,,NAO,NAO,SIM,NAO,NAO,SIM,NAO,NAO,SIM,Leal e Mau|Neutro e Mau|Caótico e Mau,Leal e Bom|Leal e Neutro|Neutro e Bom|Neutro|Caótico e Bom|Caótico e Neutro,SIM,BEM,Magia de domínio; renderizar somente se o clérigo tiver o domínio Mal. O domínio oposto Bem também bloqueia esta magia.
DOMINIO_MAL_5_INVOCAR_MONSTRO_V,Invocar Monstro V,5,DOMINIO,Mal,SIM,MAL,FAMILIA_FIXA,,,NAO,NAO,SIM,NAO,NAO,SIM,NAO,NAO,SIM,Leal e Mau|Neutro e Mau|Caótico e Mau,Leal e Bom|Leal e Neutro|Neutro e Bom|Neutro|Caótico e Bom|Caótico e Neutro,SIM,BEM,Magia de domínio; renderizar somente se o clérigo tiver o domínio Mal. O domínio oposto Bem também bloqueia esta magia.
DOMINIO_MORTE_5_INFLIGIR_FERIMENTOS_LEVES_EM_MASSA,Infligir Ferimentos Leves em Massa,5,DOMINIO,Morte,SIM,,LIVRE,,,SIM,SIM,SIM,SIM,SIM,SIM,SIM,SIM,SIM,Leal e Bom|Leal e Neutro|Leal e Mau|Neutro e Bom|Neutro|Neutro e Mau|Caótico e Bom|Caótico e Neutro|Caótico e Mau,,SIM,,Magia de domínio; renderizar somente se o clérigo tiver o domínio Morte.
DOMINIO_MORTE_5_MATAR_OS_VIVOS,Matar os Vivos,5,DOMINIO,Morte,SIM,,LIVRE,,,SIM,SIM,SIM,SIM,SIM,SIM,SIM,SIM,SIM,Leal e Bom|Leal e Neutro|Leal e Mau|Neutro e Bom|Neutro|Neutro e Mau|Caótico e Bom|Caótico e Neutro|Caótico e Mau,,SIM,,Magia de domínio; renderizar somente se o clérigo tiver o domínio Morte.
DOMINIO_PROTECAO_5_CAMPO_DE_FORCA,Campo de Força,5,DOMINIO,Proteção,SIM,,LIVRE,,,SIM,SIM,SIM,SIM,SIM,SIM,SIM,SIM,SIM,Leal e Bom|Leal e Neutro|Leal e Mau|Neutro e Bom|Neutro|Neutro e Mau|Caótico e Bom|Caótico e Neutro|Caótico e Mau,,SIM,DESTRUICAO,Magia de domínio; renderizar somente se o clérigo tiver o domínio Proteção. O domínio oposto Destruicao também bloqueia esta magia.
DOMINIO_PROTECAO_5_MURALHA_DE_FORCA,Muralha de Força,5,DOMINIO,Proteção,SIM,,LIVRE,,,SIM,SIM,SIM,SIM,SIM,SIM,SIM,SIM,SIM,Leal e Bom|Leal e Neutro|Leal e Mau|Neutro e Bom|Neutro|Neutro e Mau|Caótico e Bom|Caótico e Neutro|Caótico e Mau,,SIM,DESTRUICAO,Magia de domínio; renderizar somente se o clérigo tiver o domínio Proteção. O domínio oposto Destruicao também bloqueia esta magia.
DOMINIO_SOL_5_CHAMA_SAGRADA_MAIOR,Chama Sagrada Maior,5,DOMINIO,Sol,SIM,,LIVRE,,,SIM,SIM,SIM,SIM,SIM,SIM,SIM,SIM,SIM,Leal e Bom|Leal e Neutro|Leal e Mau|Neutro e Bom|Neutro|Neutro e Mau|Caótico e Bom|Caótico e Neutro|Caótico e Mau,,SIM,,Magia de domínio; renderizar somente se o clérigo tiver o domínio Sol.
DOMINIO_SOL_5_COLUNA_DE_CHAMAS,Coluna de Chamas,5,DOMINIO,Sol,SIM,BEM,FAMILIA_FIXA,,,SIM,NAO,NAO,SIM,NAO,NAO,SIM,NAO,NAO,Leal e Bom|Neutro e Bom|Caótico e Bom,Leal e Neutro|Leal e Mau|Neutro|Neutro e Mau|Caótico e Neutro|Caótico e Mau,SIM,,Magia de domínio; renderizar somente se o clérigo tiver o domínio Sol.
DOMINIO_SORTE_5_COMUNHAO,Comunhão,5,DOMINIO,Sorte,SIM,,LIVRE,,,SIM,SIM,SIM,SIM,SIM,SIM,SIM,SIM,SIM,Leal e Bom|Leal e Neutro|Leal e Mau|Neutro e Bom|Neutro|Neutro e Mau|Caótico e Bom|Caótico e Neutro|Caótico e Mau,,SIM,,Magia de domínio; renderizar somente se o clérigo tiver o domínio Sorte.
DOMINIO_SORTE_5_SIMBOLO_DA_ESPERANCA,Símbolo da Esperança,5,DOMINIO,Sorte,SIM,BEM,FAMILIA_FIXA,,,SIM,NAO,NAO,SIM,NAO,NAO,SIM,NAO,NAO,Leal e Bom|Neutro e Bom|Caótico e Bom,Leal e Neutro|Leal e Mau|Neutro|Neutro e Mau|Caótico e Neutro|Caótico e Mau,SIM,,Magia de domínio; renderizar somente se o clérigo tiver o domínio Sorte.
DOMINIO_TERRA_5_INVOCAR_MONSTRO_V,Invocar Monstro V,5,DOMINIO,Terra,SIM,,LIVRE,,,SIM,SIM,SIM,SIM,SIM,SIM,SIM,SIM,SIM,Leal e Bom|Leal e Neutro|Leal e Mau|Neutro e Bom|Neutro|Neutro e Mau|Caótico e Bom|Caótico e Neutro|Caótico e Mau,,SIM,,Magia de domínio; renderizar somente se o clérigo tiver o domínio Terra.
DOMINIO_TERRA_5_MURALHA_DE_PEDRA,Muralha de Pedra,5,DOMINIO,Terra,SIM,,LIVRE,,,SIM,SIM,SIM,SIM,SIM,SIM,SIM,SIM,SIM,Leal e Bom|Leal e Neutro|Leal e Mau|Neutro e Bom|Neutro|Neutro e Mau|Caótico e Bom|Caótico e Neutro|Caótico e Mau,,SIM,,Magia de domínio; renderizar somente se o clérigo tiver o domínio Terra.
DOMINIO_VIAGEM_5_CAMINHAR_NA_SOMBRA,Caminhar na Sombra,5,DOMINIO,Viagem,SIM,,LIVRE,,,SIM,SIM,SIM,SIM,SIM,SIM,SIM,SIM,SIM,Leal e Bom|Leal e Neutro|Leal e Mau|Neutro e Bom|Neutro|Neutro e Mau|Caótico e Bom|Caótico e Neutro|Caótico e Mau,,SIM,,Magia de domínio; renderizar somente se o clérigo tiver o domínio Viagem.
DOMINIO_VIAGEM_5_TELETRANSPORTE,Teletransporte,5,DOMINIO,Viagem,SIM,,LIVRE,,,SIM,SIM,SIM,SIM,SIM,SIM,SIM,SIM,SIM,Leal e Bom|Leal e Neutro|Leal e Mau|Neutro e Bom|Neutro|Neutro e Mau|Caótico e Bom|Caótico e Neutro|Caótico e Mau,,SIM,,Magia de domínio; renderizar somente se o clérigo tiver o domínio Viagem.
CLERIGO_BASE_6_ALIADO_EXTRA_PLANAR,Aliado Extra-Planar,6,CLERIGO_BASE,,NAO,,LIVRE,,,SIM,SIM,SIM,SIM,SIM,SIM,SIM,SIM,SIM,Leal e Bom|Leal e Neutro|Leal e Mau|Neutro e Bom|Neutro|Neutro e Mau|Caótico e Bom|Caótico e Neutro|Caótico e Mau,,NAO,,Magia base do clérigo.
CLERIGO_BASE_6_ANIMAR_OBJETOS,Animar Objetos,6,CLERIGO_BASE,,NAO,,LIVRE,,,SIM,SIM,SIM,SIM,SIM,SIM,SIM,SIM,SIM,Leal e Bom|Leal e Neutro|Leal e Mau|Neutro e Bom|Neutro|Neutro e Mau|Caótico e Bom|Caótico e Neutro|Caótico e Mau,,NAO,,Magia base do clérigo.
CLERIGO_BASE_6_BANIMENTO,Banimento,6,CLERIGO_BASE,,NAO,,LIVRE,,,SIM,SIM,SIM,SIM,SIM,SIM,SIM,SIM,SIM,Leal e Bom|Leal e Neutro|Leal e Mau|Neutro e Bom|Neutro|Neutro e Mau|Caótico e Bom|Caótico e Neutro|Caótico e Mau,,NAO,,Magia base do clérigo.
CLERIGO_BASE_6_BANQUETE_DE_HEROIS,Banquete de Heróis,6,CLERIGO_BASE,,NAO,,LIVRE,,,SIM,SIM,SIM,SIM,SIM,SIM,SIM,SIM,SIM,Leal e Bom|Leal e Neutro|Leal e Mau|Neutro e Bom|Neutro|Neutro e Mau|Caótico e Bom|Caótico e Neutro|Caótico e Mau,,NAO,,Magia base do clérigo.
CLERIGO_BASE_6_BARREIRA_DE_LAMINAS,Barreira de Lâminas,6,CLERIGO_BASE,,NAO,,LIVRE,,,SIM,SIM,SIM,SIM,SIM,SIM,SIM,SIM,SIM,Leal e Bom|Leal e Neutro|Leal e Mau|Neutro e Bom|Neutro|Neutro e Mau|Caótico e Bom|Caótico e Neutro|Caótico e Mau,,NAO,,Magia base do clérigo.
CLERIGO_BASE_6_CAMINHAR_NO_VENTO,Caminhar no Vento,6,CLERIGO_BASE,,NAO,,LIVRE,,,SIM,SIM,SIM,SIM,SIM,SIM,SIM,SIM,SIM,Leal e Bom|Leal e Neutro|Leal e Mau|Neutro e Bom|Neutro|Neutro e Mau|Caótico e Bom|Caótico e Neutro|Caótico e Mau,,NAO,,Magia base do clérigo.
CLERIGO_BASE_6_CRIAR_MORTOS_VIVOS,Criar Mortos-Vivos,6,CLERIGO_BASE,,NAO,MAL,FAMILIA_FIXA,,,NAO,NAO,SIM,NAO,NAO,SIM,NAO,NAO,SIM,Leal e Mau|Neutro e Mau|Caótico e Mau,Leal e Bom|Leal e Neutro|Neutro e Bom|Neutro|Caótico e Bom|Caótico e Neutro,NAO,,Magia base do clérigo.
CLERIGO_BASE_6_CUPULA_DE_PROTECAO_CONTRA_A_VIDA,Cúpula de Proteção Contra a Vida,6,CLERIGO_BASE,,NAO,,LIVRE,,,SIM,SIM,SIM,SIM,SIM,SIM,SIM,SIM,SIM,Leal e Bom|Leal e Neutro|Leal e Mau|Neutro e Bom|Neutro|Neutro e Mau|Caótico e Bom|Caótico e Neutro|Caótico e Mau,,NAO,,Magia base do clérigo.
CLERIGO_BASE_6_CURA_COMPLETA,Cura Completa,6,CLERIGO_BASE,,NAO,,LIVRE,,,SIM,SIM,SIM,SIM,SIM,SIM,SIM,SIM,SIM,Leal e Bom|Leal e Neutro|Leal e Mau|Neutro e Bom|Neutro|Neutro e Mau|Caótico e Bom|Caótico e Neutro|Caótico e Mau,,NAO,,Magia base do clérigo.
CLERIGO_BASE_6_CURAR_FERIMENTOS_MODERADOS_EM_MASSA,Curar Ferimentos Moderados em Massa,6,CLERIGO_BASE,,NAO,,LIVRE,,,SIM,SIM,SIM,SIM,SIM,SIM,SIM,SIM,SIM,Leal e Bom|Leal e Neutro|Leal e Mau|Neutro e Bom|Neutro|Neutro e Mau|Caótico e Bom|Caótico e Neutro|Caótico e Mau,,NAO,,Magia base do clérigo.
CLERIGO_BASE_6_DESTRUIR_MORTOS_VIVOS,Destruir Mortos-Vivos,6,CLERIGO_BASE,,NAO,,LIVRE,,,SIM,SIM,SIM,SIM,SIM,SIM,SIM,SIM,SIM,Leal e Bom|Leal e Neutro|Leal e Mau|Neutro e Bom|Neutro|Neutro e Mau|Caótico e Bom|Caótico e Neutro|Caótico e Mau,,NAO,,Magia base do clérigo.
CLERIGO_BASE_6_DISSIPAR_MAGIA_MAIOR,Dissipar Magia Maior,6,CLERIGO_BASE,,NAO,,LIVRE,,,SIM,SIM,SIM,SIM,SIM,SIM,SIM,SIM,SIM,Leal e Bom|Leal e Neutro|Leal e Mau|Neutro e Bom|Neutro|Neutro e Mau|Caótico e Bom|Caótico e Neutro|Caótico e Mau,,NAO,,Magia base do clérigo.
CLERIGO_BASE_6_DOENCA_PLENA,Doença Plena,6,CLERIGO_BASE,,NAO,,LIVRE,,,SIM,SIM,SIM,SIM,SIM,SIM,SIM,SIM,SIM,Leal e Bom|Leal e Neutro|Leal e Mau|Neutro e Bom|Neutro|Neutro e Mau|Caótico e Bom|Caótico e Neutro|Caótico e Mau,,NAO,,Magia base do clérigo.
CLERIGO_BASE_6_ENCONTRAR_O_CAMINHO,Encontrar o Caminho,6,CLERIGO_BASE,,NAO,,LIVRE,,,SIM,SIM,SIM,SIM,SIM,SIM,SIM,SIM,SIM,Leal e Bom|Leal e Neutro|Leal e Mau|Neutro e Bom|Neutro|Neutro e Mau|Caótico e Bom|Caótico e Neutro|Caótico e Mau,,NAO,,Magia base do clérigo.
CLERIGO_BASE_6_ESPLENDOR_DA_AGUIA_EM_MASSA,Esplendor da Águia em Massa,6,CLERIGO_BASE,,NAO,,LIVRE,,,SIM,SIM,SIM,SIM,SIM,SIM,SIM,SIM,SIM,Leal e Bom|Leal e Neutro|Leal e Mau|Neutro e Bom|Neutro|Neutro e Mau|Caótico e Bom|Caótico e Neutro|Caótico e Mau,,NAO,,Magia base do clérigo.
CLERIGO_BASE_6_FORCA_DO_TOURO_EM_MASSA,Força do Touro em Massa,6,CLERIGO_BASE,,NAO,,LIVRE,,,SIM,SIM,SIM,SIM,SIM,SIM,SIM,SIM,SIM,Leal e Bom|Leal e Neutro|Leal e Mau|Neutro e Bom|Neutro|Neutro e Mau|Caótico e Bom|Caótico e Neutro|Caótico e Mau,,NAO,,Magia base do clérigo.
CLERIGO_BASE_6_INFLIGIR_FERIMENTOS_MODERADOS_EM_MASSA,Infligir Ferimentos Moderados em Massa,6,CLERIGO_BASE,,NAO,,LIVRE,,,SIM,SIM,SIM,SIM,SIM,SIM,SIM,SIM,SIM,Leal e Bom|Leal e Neutro|Leal e Mau|Neutro e Bom|Neutro|Neutro e Mau|Caótico e Bom|Caótico e Neutro|Caótico e Mau,,NAO,,Magia base do clérigo.
CLERIGO_BASE_6_INVOCAR_CRIATURAS_VI,Invocar Criaturas VI,6,CLERIGO_BASE,,NAO,,LIVRE,,,SIM,SIM,SIM,SIM,SIM,SIM,SIM,SIM,SIM,Leal e Bom|Leal e Neutro|Leal e Mau|Neutro e Bom|Neutro|Neutro e Mau|Caótico e Bom|Caótico e Neutro|Caótico e Mau,,NAO,,Magia base do clérigo.
CLERIGO_BASE_6_PALAVRA_DE_RECORDACAO,Palavra de Recordação,6,CLERIGO_BASE,,NAO,,LIVRE,,,SIM,SIM,SIM,SIM,SIM,SIM,SIM,SIM,SIM,Leal e Bom|Leal e Neutro|Leal e Mau|Neutro e Bom|Neutro|Neutro e Mau|Caótico e Bom|Caótico e Neutro|Caótico e Mau,,NAO,,Magia base do clérigo.
CLERIGO_BASE_6_PROIBICAO,Proibição,6,CLERIGO_BASE,,NAO,,LIVRE,,,SIM,SIM,SIM,SIM,SIM,SIM,SIM,SIM,SIM,Leal e Bom|Leal e Neutro|Leal e Mau|Neutro e Bom|Neutro|Neutro e Mau|Caótico e Bom|Caótico e Neutro|Caótico e Mau,,NAO,,Magia base do clérigo.
CLERIGO_BASE_6_SABEDORIA_DA_CORUJA_EM_MASSA,Sabedoria da Coruja em Massa,6,CLERIGO_BASE,,NAO,,LIVRE,,,SIM,SIM,SIM,SIM,SIM,SIM,SIM,SIM,SIM,Leal e Bom|Leal e Neutro|Leal e Mau|Neutro e Bom|Neutro|Neutro e Mau|Caótico e Bom|Caótico e Neutro|Caótico e Mau,,NAO,,Magia base do clérigo.
CLERIGO_BASE_6_SIMBOLO_DA_PERSUASAO,Símbolo da Persuasão,6,CLERIGO_BASE,,NAO,,LIVRE,,,SIM,SIM,SIM,SIM,SIM,SIM,SIM,SIM,SIM,Leal e Bom|Leal e Neutro|Leal e Mau|Neutro e Bom|Neutro|Neutro e Mau|Caótico e Bom|Caótico e Neutro|Caótico e Mau,,NAO,,Magia base do clérigo.
CLERIGO_BASE_6_SIMBOLO_DE_PROTECAO_MAIOR,Símbolo de Proteção Maior,6,CLERIGO_BASE,,NAO,,LIVRE,,,SIM,SIM,SIM,SIM,SIM,SIM,SIM,SIM,SIM,Leal e Bom|Leal e Neutro|Leal e Mau|Neutro e Bom|Neutro|Neutro e Mau|Caótico e Bom|Caótico e Neutro|Caótico e Mau,,NAO,,Magia base do clérigo.
CLERIGO_BASE_6_SIMBOLO_DO_MEDO,Símbolo do Medo,6,CLERIGO_BASE,,NAO,,LIVRE,,,SIM,SIM,SIM,SIM,SIM,SIM,SIM,SIM,SIM,Leal e Bom|Leal e Neutro|Leal e Mau|Neutro e Bom|Neutro|Neutro e Mau|Caótico e Bom|Caótico e Neutro|Caótico e Mau,,NAO,,Magia base do clérigo.
CLERIGO_BASE_6_TAREFA_MISSAO,Tarefa / Missão,6,CLERIGO_BASE,,NAO,,LIVRE,,,SIM,SIM,SIM,SIM,SIM,SIM,SIM,SIM,SIM,Leal e Bom|Leal e Neutro|Leal e Mau|Neutro e Bom|Neutro|Neutro e Mau|Caótico e Bom|Caótico e Neutro|Caótico e Mau,,NAO,,Magia base do clérigo.
CLERIGO_BASE_6_VIGOR_DO_URSO_EM_MASSA,Vigor do Urso em Massa,6,CLERIGO_BASE,,NAO,,LIVRE,,,SIM,SIM,SIM,SIM,SIM,SIM,SIM,SIM,SIM,Leal e Bom|Leal e Neutro|Leal e Mau|Neutro e Bom|Neutro|Neutro e Mau|Caótico e Bom|Caótico e Neutro|Caótico e Mau,,NAO,,Magia base do clérigo.
DOMINIO_AR_6_CONTROLAR_O_CLIMA,Controlar o Clima,6,DOMINIO,Ar,SIM,,LIVRE,,,SIM,SIM,SIM,SIM,SIM,SIM,SIM,SIM,SIM,Leal e Bom|Leal e Neutro|Leal e Mau|Neutro e Bom|Neutro|Neutro e Mau|Caótico e Bom|Caótico e Neutro|Caótico e Mau,,SIM,,Magia de domínio; renderizar somente se o clérigo tiver o domínio Ar.
DOMINIO_AR_6_CORRENTE_DE_RELAMPAGOS,Corrente de Relâmpagos,6,DOMINIO,Ar,SIM,,LIVRE,,,SIM,SIM,SIM,SIM,SIM,SIM,SIM,SIM,SIM,Leal e Bom|Leal e Neutro|Leal e Mau|Neutro e Bom|Neutro|Neutro e Mau|Caótico e Bom|Caótico e Neutro|Caótico e Mau,,SIM,,Magia de domínio; renderizar somente se o clérigo tiver o domínio Ar.
DOMINIO_BEM_6_BANIMENTO,Banimento,6,DOMINIO,Bem,SIM,BEM,FAMILIA_FIXA,,,SIM,NAO,NAO,SIM,NAO,NAO,SIM,NAO,NAO,Leal e Bom|Neutro e Bom|Caótico e Bom,Leal e Neutro|Leal e Mau|Neutro|Neutro e Mau|Caótico e Neutro|Caótico e Mau,SIM,MAL,Magia de domínio; renderizar somente se o clérigo tiver o domínio Bem. O domínio oposto Mal também bloqueia esta magia.
DOMINIO_BEM_6_CURA_COMPLETA,Cura Completa,6,DOMINIO,Bem,SIM,BEM,FAMILIA_FIXA,,,SIM,NAO,NAO,SIM,NAO,NAO,SIM,NAO,NAO,Leal e Bom|Neutro e Bom|Caótico e Bom,Leal e Neutro|Leal e Mau|Neutro|Neutro e Mau|Caótico e Neutro|Caótico e Mau,SIM,MAL,Magia de domínio; renderizar somente se o clérigo tiver o domínio Bem. O domínio oposto Mal também bloqueia esta magia.
DOMINIO_CAOS_6_PALAVRA_DO_CAOS,Palavra do Caos,6,DOMINIO,Caos,SIM,CAOS,FAMILIA_FIXA,,,NAO,NAO,NAO,NAO,NAO,NAO,SIM,SIM,SIM,Caótico e Bom|Caótico e Neutro|Caótico e Mau,Leal e Bom|Leal e Neutro|Leal e Mau|Neutro e Bom|Neutro|Neutro e Mau,SIM,ORDEM,Magia de domínio; renderizar somente se o clérigo tiver o domínio Caos. O domínio oposto Ordem também bloqueia esta magia.
DOMINIO_CAOS_6_VISAO_DA_VERDADE,Visão da Verdade,6,DOMINIO,Caos,SIM,CAOS,FAMILIA_FIXA,,,NAO,NAO,NAO,NAO,NAO,NAO,SIM,SIM,SIM,Caótico e Bom|Caótico e Neutro|Caótico e Mau,Leal e Bom|Leal e Neutro|Leal e Mau|Neutro e Bom|Neutro|Neutro e Mau,SIM,ORDEM,Magia de domínio; renderizar somente se o clérigo tiver o domínio Caos. O domínio oposto Ordem também bloqueia esta magia.
DOMINIO_CONHECIMENTO_6_ANALISAR_ENCANTAMENTO,Analisar Encantamento,6,DOMINIO,Conhecimento,SIM,,LIVRE,,,SIM,SIM,SIM,SIM,SIM,SIM,SIM,SIM,SIM,Leal e Bom|Leal e Neutro|Leal e Mau|Neutro e Bom|Neutro|Neutro e Mau|Caótico e Bom|Caótico e Neutro|Caótico e Mau,,SIM,,Magia de domínio; renderizar somente se o clérigo tiver o domínio Conhecimento.
DOMINIO_CONHECIMENTO_6_VISAO_DA_VERDADE,Visão da Verdade,6,DOMINIO,Conhecimento,SIM,,LIVRE,,,SIM,SIM,SIM,SIM,SIM,SIM,SIM,SIM,SIM,Leal e Bom|Leal e Neutro|Leal e Mau|Neutro e Bom|Neutro|Neutro e Mau|Caótico e Bom|Caótico e Neutro|Caótico e Mau,,SIM,,Magia de domínio; renderizar somente se o clérigo tiver o domínio Conhecimento.
DOMINIO_CURA_6_CURAR_FERIMENTOS_LEVES_EM_MASSA,Curar Ferimentos Leves em Massa,6,DOMINIO,Cura,SIM,,LIVRE,,,SIM,SIM,SIM,SIM,SIM,SIM,SIM,SIM,SIM,Leal e Bom|Leal e Neutro|Leal e Mau|Neutro e Bom|Neutro|Neutro e Mau|Caótico e Bom|Caótico e Neutro|Caótico e Mau,,SIM,,Magia de domínio; renderizar somente se o clérigo tiver o domínio Cura.
DOMINIO_CURA_6_RESTAURACAO_MAIOR,Restauração Maior,6,DOMINIO,Cura,SIM,,LIVRE,,,SIM,SIM,SIM,SIM,SIM,SIM,SIM,SIM,SIM,Leal e Bom|Leal e Neutro|Leal e Mau|Neutro e Bom|Neutro|Neutro e Mau|Caótico e Bom|Caótico e Neutro|Caótico e Mau,,SIM,,Magia de domínio; renderizar somente se o clérigo tiver o domínio Cura.
DOMINIO_DESTRUICAO_6_CORRENTE_DE_RELAMPAGOS,Corrente de Relâmpagos,6,DOMINIO,Destruição,SIM,,LIVRE,,,SIM,SIM,SIM,SIM,SIM,SIM,SIM,SIM,SIM,Leal e Bom|Leal e Neutro|Leal e Mau|Neutro e Bom|Neutro|Neutro e Mau|Caótico e Bom|Caótico e Neutro|Caótico e Mau,,SIM,PROTECAO,Magia de domínio; renderizar somente se o clérigo tiver o domínio Destruição. O domínio oposto Protecao também bloqueia esta magia.
DOMINIO_DESTRUICAO_6_INFLIGIR_FERIMENTOS_MODERADOS_EM_MASSA,Infligir Ferimentos Moderados em Massa,6,DOMINIO,Destruição,SIM,,LIVRE,,,SIM,SIM,SIM,SIM,SIM,SIM,SIM,SIM,SIM,Leal e Bom|Leal e Neutro|Leal e Mau|Neutro e Bom|Neutro|Neutro e Mau|Caótico e Bom|Caótico e Neutro|Caótico e Mau,,SIM,PROTECAO,Magia de domínio; renderizar somente se o clérigo tiver o domínio Destruição. O domínio oposto Protecao também bloqueia esta magia.
DOMINIO_ENGANACAO_6_VEU,Véu,6,DOMINIO,Enganação,SIM,,LIVRE,,,SIM,SIM,SIM,SIM,SIM,SIM,SIM,SIM,SIM,Leal e Bom|Leal e Neutro|Leal e Mau|Neutro e Bom|Neutro|Neutro e Mau|Caótico e Bom|Caótico e Neutro|Caótico e Mau,,SIM,,Magia de domínio; renderizar somente se o clérigo tiver o domínio Enganação.
DOMINIO_ENGANACAO_6_VISAO_DA_VERDADE,Visão da Verdade,6,DOMINIO,Enganação,SIM,,LIVRE,,,SIM,SIM,SIM,SIM,SIM,SIM,SIM,SIM,SIM,Leal e Bom|Leal e Neutro|Leal e Mau|Neutro e Bom|Neutro|Neutro e Mau|Caótico e Bom|Caótico e Neutro|Caótico e Mau,,SIM,,Magia de domínio; renderizar somente se o clérigo tiver o domínio Enganação.
DOMINIO_FOGO_6_MURALHA_DE_FOGO,Muralha de Fogo,6,DOMINIO,Fogo,SIM,,LIVRE,,,SIM,SIM,SIM,SIM,SIM,SIM,SIM,SIM,SIM,Leal e Bom|Leal e Neutro|Leal e Mau|Neutro e Bom|Neutro|Neutro e Mau|Caótico e Bom|Caótico e Neutro|Caótico e Mau,,SIM,,Magia de domínio; renderizar somente se o clérigo tiver o domínio Fogo.
DOMINIO_FOGO_6_SIMBOLO_DO_FOGO,Símbolo do Fogo,6,DOMINIO,Fogo,SIM,,LIVRE,,,SIM,SIM,SIM,SIM,SIM,SIM,SIM,SIM,SIM,Leal e Bom|Leal e Neutro|Leal e Mau|Neutro e Bom|Neutro|Neutro e Mau|Caótico e Bom|Caótico e Neutro|Caótico e Mau,,SIM,,Magia de domínio; renderizar somente se o clérigo tiver o domínio Fogo.
DOMINIO_FORCA_6_PUNHO_CERRADO_DE_BIGBY,Punho Cerrado de Bigby,6,DOMINIO,Força,SIM,,LIVRE,,,SIM,SIM,SIM,SIM,SIM,SIM,SIM,SIM,SIM,Leal e Bom|Leal e Neutro|Leal e Mau|Neutro e Bom|Neutro|Neutro e Mau|Caótico e Bom|Caótico e Neutro|Caótico e Mau,,SIM,,Magia de domínio; renderizar somente se o clérigo tiver o domínio Força.
DOMINIO_FORCA_6_RESISTENCIA_A_MAGIA,Resistência à Magia,6,DOMINIO,Força,SIM,,LIVRE,,,SIM,SIM,SIM,SIM,SIM,SIM,SIM,SIM,SIM,Leal e Bom|Leal e Neutro|Leal e Mau|Neutro e Bom|Neutro|Neutro e Mau|Caótico e Bom|Caótico e Neutro|Caótico e Mau,,SIM,,Magia de domínio; renderizar somente se o clérigo tiver o domínio Força.
DOMINIO_GUERRA_6_HEROISMO_MAIOR,Heroísmo Maior,6,DOMINIO,Guerra,SIM,,LIVRE,,,SIM,SIM,SIM,SIM,SIM,SIM,SIM,SIM,SIM,Leal e Bom|Leal e Neutro|Leal e Mau|Neutro e Bom|Neutro|Neutro e Mau|Caótico e Bom|Caótico e Neutro|Caótico e Mau,,SIM,,Magia de domínio; renderizar somente se o clérigo tiver o domínio Guerra.
DOMINIO_GUERRA_6_VISAO_DA_VERDADE,Visão da Verdade,6,DOMINIO,Guerra,SIM,,LIVRE,,,SIM,SIM,SIM,SIM,SIM,SIM,SIM,SIM,SIM,Leal e Bom|Leal e Neutro|Leal e Mau|Neutro e Bom|Neutro|Neutro e Mau|Caótico e Bom|Caótico e Neutro|Caótico e Mau,,SIM,,Magia de domínio; renderizar somente se o clérigo tiver o domínio Guerra.
DOMINIO_MAGIA_6_ANALISAR_ENCANTAMENTO,Analisar Encantamento,6,DOMINIO,Magia,SIM,,LIVRE,,,SIM,SIM,SIM,SIM,SIM,SIM,SIM,SIM,SIM,Leal e Bom|Leal e Neutro|Leal e Mau|Neutro e Bom|Neutro|Neutro e Mau|Caótico e Bom|Caótico e Neutro|Caótico e Mau,,SIM,,Magia de domínio; renderizar somente se o clérigo tiver o domínio Magia.
DOMINIO_MAGIA_6_VISAO_DA_VERDADE,Visão da Verdade,6,DOMINIO,Magia,SIM,,LIVRE,,,SIM,SIM,SIM,SIM,SIM,SIM,SIM,SIM,SIM,Leal e Bom|Leal e Neutro|Leal e Mau|Neutro e Bom|Neutro|Neutro e Mau|Caótico e Bom|Caótico e Neutro|Caótico e Mau,,SIM,,Magia de domínio; renderizar somente se o clérigo tiver o domínio Magia.
DOMINIO_MAL_6_INFLIGIR_FERIMENTOS_MODERADOS_EM_MASSA,Infligir Ferimentos Moderados em Massa,6,DOMINIO,Mal,SIM,MAL,FAMILIA_FIXA,,,NAO,NAO,SIM,NAO,NAO,SIM,NAO,NAO,SIM,Leal e Mau|Neutro e Mau|Caótico e Mau,Leal e Bom|Leal e Neutro|Neutro e Bom|Neutro|Caótico e Bom|Caótico e Neutro,SIM,BEM,Magia de domínio; renderizar somente se o clérigo tiver o domínio Mal. O domínio oposto Bem também bloqueia esta magia.
DOMINIO_MAL_6_PALAVRA_PROFANA,Palavra Profana,6,DOMINIO,Mal,SIM,MAL,FAMILIA_FIXA,,,NAO,NAO,SIM,NAO,NAO,SIM,NAO,NAO,SIM,Leal e Mau|Neutro e Mau|Caótico e Mau,Leal e Bom|Leal e Neutro|Neutro e Bom|Neutro|Caótico e Bom|Caótico e Neutro,SIM,BEM,Magia de domínio; renderizar somente se o clérigo tiver o domínio Mal. O domínio oposto Bem também bloqueia esta magia.
DOMINIO_MORTE_6_CRIAR_MORTOS_VIVOS,Criar Mortos-Vivos,6,DOMINIO,Morte,SIM,,LIVRE,,,SIM,SIM,SIM,SIM,SIM,SIM,SIM,SIM,SIM,Leal e Bom|Leal e Neutro|Leal e Mau|Neutro e Bom|Neutro|Neutro e Mau|Caótico e Bom|Caótico e Neutro|Caótico e Mau,,SIM,,Magia de domínio; renderizar somente se o clérigo tiver o domínio Morte.
DOMINIO_MORTE_6_INFLIGIR_FERIMENTOS_MODERADOS_EM_MASSA,Infligir Ferimentos Moderados em Massa,6,DOMINIO,Morte,SIM,,LIVRE,,,SIM,SIM,SIM,SIM,SIM,SIM,SIM,SIM,SIM,Leal e Bom|Leal e Neutro|Leal e Mau|Neutro e Bom|Neutro|Neutro e Mau|Caótico e Bom|Caótico e Neutro|Caótico e Mau,,SIM,,Magia de domínio; renderizar somente se o clérigo tiver o domínio Morte.
DOMINIO_PROTECAO_6_ESCUDO_DE_ENERGIA,Escudo de Energia,6,DOMINIO,Proteção,SIM,,LIVRE,,,SIM,SIM,SIM,SIM,SIM,SIM,SIM,SIM,SIM,Leal e Bom|Leal e Neutro|Leal e Mau|Neutro e Bom|Neutro|Neutro e Mau|Caótico e Bom|Caótico e Neutro|Caótico e Mau,,SIM,DESTRUICAO,Magia de domínio; renderizar somente se o clérigo tiver o domínio Proteção. O domínio oposto Destruicao também bloqueia esta magia.
DOMINIO_PROTECAO_6_RESISTENCIA_A_MAGIA,Resistência à Magia,6,DOMINIO,Proteção,SIM,,LIVRE,,,SIM,SIM,SIM,SIM,SIM,SIM,SIM,SIM,SIM,Leal e Bom|Leal e Neutro|Leal e Mau|Neutro e Bom|Neutro|Neutro e Mau|Caótico e Bom|Caótico e Neutro|Caótico e Mau,,SIM,DESTRUICAO,Magia de domínio; renderizar somente se o clérigo tiver o domínio Proteção. O domínio oposto Destruicao também bloqueia esta magia.
DOMINIO_SOL_6_EXPLOSAO_SOLAR,Explosão Solar,6,DOMINIO,Sol,SIM,,LIVRE,,,SIM,SIM,SIM,SIM,SIM,SIM,SIM,SIM,SIM,Leal e Bom|Leal e Neutro|Leal e Mau|Neutro e Bom|Neutro|Neutro e Mau|Caótico e Bom|Caótico e Neutro|Caótico e Mau,,SIM,,Magia de domínio; renderizar somente se o clérigo tiver o domínio Sol.
DOMINIO_SOL_6_SIMBOLO_DO_SOL,Símbolo do Sol,6,DOMINIO,Sol,SIM,,LIVRE,,,SIM,SIM,SIM,SIM,SIM,SIM,SIM,SIM,SIM,Leal e Bom|Leal e Neutro|Leal e Mau|Neutro e Bom|Neutro|Neutro e Mau|Caótico e Bom|Caótico e Neutro|Caótico e Mau,,SIM,,Magia de domínio; renderizar somente se o clérigo tiver o domínio Sol.
DOMINIO_SORTE_6_HEROISMO_MAIOR,Heroísmo Maior,6,DOMINIO,Sorte,SIM,,LIVRE,,,SIM,SIM,SIM,SIM,SIM,SIM,SIM,SIM,SIM,Leal e Bom|Leal e Neutro|Leal e Mau|Neutro e Bom|Neutro|Neutro e Mau|Caótico e Bom|Caótico e Neutro|Caótico e Mau,,SIM,,Magia de domínio; renderizar somente se o clérigo tiver o domínio Sorte.
DOMINIO_SORTE_6_VISAO_DA_VERDADE,Visão da Verdade,6,DOMINIO,Sorte,SIM,,LIVRE,,,SIM,SIM,SIM,SIM,SIM,SIM,SIM,SIM,SIM,Leal e Bom|Leal e Neutro|Leal e Mau|Neutro e Bom|Neutro|Neutro e Mau|Caótico e Bom|Caótico e Neutro|Caótico e Mau,,SIM,,Magia de domínio; renderizar somente se o clérigo tiver o domínio Sorte.
DOMINIO_TERRA_6_MURALHA_DE_FERRO,Muralha de Ferro,6,DOMINIO,Terra,SIM,,LIVRE,,,SIM,SIM,SIM,SIM,SIM,SIM,SIM,SIM,SIM,Leal e Bom|Leal e Neutro|Leal e Mau|Neutro e Bom|Neutro|Neutro e Mau|Caótico e Bom|Caótico e Neutro|Caótico e Mau,,SIM,,Magia de domínio; renderizar somente se o clérigo tiver o domínio Terra.
DOMINIO_TERRA_6_PEDRA_EM_CARNE,Pedra em Carne,6,DOMINIO,Terra,SIM,,LIVRE,,,SIM,SIM,SIM,SIM,SIM,SIM,SIM,SIM,SIM,Leal e Bom|Leal e Neutro|Leal e Mau|Neutro e Bom|Neutro|Neutro e Mau|Caótico e Bom|Caótico e Neutro|Caótico e Mau,,SIM,,Magia de domínio; renderizar somente se o clérigo tiver o domínio Terra.
DOMINIO_VIAGEM_6_PASSAGEM_DIMENSIONAL,Passagem Dimensional,6,DOMINIO,Viagem,SIM,,LIVRE,,,SIM,SIM,SIM,SIM,SIM,SIM,SIM,SIM,SIM,Leal e Bom|Leal e Neutro|Leal e Mau|Neutro e Bom|Neutro|Neutro e Mau|Caótico e Bom|Caótico e Neutro|Caótico e Mau,,SIM,,Magia de domínio; renderizar somente se o clérigo tiver o domínio Viagem.
DOMINIO_VIAGEM_6_VIAGEM_PLANAR,Viagem Planar,6,DOMINIO,Viagem,SIM,,LIVRE,,,SIM,SIM,SIM,SIM,SIM,SIM,SIM,SIM,SIM,Leal e Bom|Leal e Neutro|Leal e Mau|Neutro e Bom|Neutro|Neutro e Mau|Caótico e Bom|Caótico e Neutro|Caótico e Mau,,SIM,,Magia de domínio; renderizar somente se o clérigo tiver o domínio Viagem.
CLERIGO_BASE_7_BLASFEMIA,Blasfêmia,7,CLERIGO_BASE,,NAO,MAL,FAMILIA_FIXA,,,NAO,NAO,SIM,NAO,NAO,SIM,NAO,NAO,SIM,Leal e Mau|Neutro e Mau|Caótico e Mau,Leal e Bom|Leal e Neutro|Neutro e Bom|Neutro|Caótico e Bom|Caótico e Neutro,NAO,,Magia base do clérigo.
CLERIGO_BASE_7_CONTROLAR_O_CLIMA,Controlar o Clima,7,CLERIGO_BASE,,NAO,,LIVRE,,,SIM,SIM,SIM,SIM,SIM,SIM,SIM,SIM,SIM,Leal e Bom|Leal e Neutro|Leal e Mau|Neutro e Bom|Neutro|Neutro e Mau|Caótico e Bom|Caótico e Neutro|Caótico e Mau,,NAO,,Magia base do clérigo.
CLERIGO_BASE_7_CURAR_FERIMENTOS_GRAVES_EM_MASSA,Curar Ferimentos Graves em Massa,7,CLERIGO_BASE,,NAO,,LIVRE,,,SIM,SIM,SIM,SIM,SIM,SIM,SIM,SIM,SIM,Leal e Bom|Leal e Neutro|Leal e Mau|Neutro e Bom|Neutro|Neutro e Mau|Caótico e Bom|Caótico e Neutro|Caótico e Mau,,NAO,,Magia base do clérigo.
CLERIGO_BASE_7_DESTRUICAO,Destruição,7,CLERIGO_BASE,,NAO,,LIVRE,,,SIM,SIM,SIM,SIM,SIM,SIM,SIM,SIM,SIM,Leal e Bom|Leal e Neutro|Leal e Mau|Neutro e Bom|Neutro|Neutro e Mau|Caótico e Bom|Caótico e Neutro|Caótico e Mau,,NAO,,Magia base do clérigo.
CLERIGO_BASE_7_DITADO,Ditado,7,CLERIGO_BASE,,NAO,ORDEM,FAMILIA_FIXA,,,SIM,SIM,SIM,NAO,NAO,NAO,NAO,NAO,NAO,Leal e Bom|Leal e Neutro|Leal e Mau,Neutro e Bom|Neutro|Neutro e Mau|Caótico e Bom|Caótico e Neutro|Caótico e Mau,NAO,,Magia base do clérigo.
CLERIGO_BASE_7_INFLIGIR_FERIMENTOS_GRAVES_EM_MASSA,Infligir Ferimentos Graves em Massa,7,CLERIGO_BASE,,NAO,,LIVRE,,,SIM,SIM,SIM,SIM,SIM,SIM,SIM,SIM,SIM,Leal e Bom|Leal e Neutro|Leal e Mau|Neutro e Bom|Neutro|Neutro e Mau|Caótico e Bom|Caótico e Neutro|Caótico e Mau,,NAO,,Magia base do clérigo.
CLERIGO_BASE_7_INVOCAR_CRIATURAS_VII,Invocar Criaturas VII,7,CLERIGO_BASE,,NAO,,LIVRE,,,SIM,SIM,SIM,SIM,SIM,SIM,SIM,SIM,SIM,Leal e Bom|Leal e Neutro|Leal e Mau|Neutro e Bom|Neutro|Neutro e Mau|Caótico e Bom|Caótico e Neutro|Caótico e Mau,,NAO,,Magia base do clérigo.
CLERIGO_BASE_7_PALAVRA_DO_CAOS,Palavra do Caos,7,CLERIGO_BASE,,NAO,CAOS,FAMILIA_FIXA,,,NAO,NAO,NAO,NAO,NAO,NAO,SIM,SIM,SIM,Caótico e Bom|Caótico e Neutro|Caótico e Mau,Leal e Bom|Leal e Neutro|Leal e Mau|Neutro e Bom|Neutro|Neutro e Mau,NAO,,Magia base do clérigo.
CLERIGO_BASE_7_PALAVRA_SAGRADA,Palavra Sagrada,7,CLERIGO_BASE,,NAO,BEM,FAMILIA_FIXA,,,SIM,NAO,NAO,SIM,NAO,NAO,SIM,NAO,NAO,Leal e Bom|Neutro e Bom|Caótico e Bom,Leal e Neutro|Leal e Mau|Neutro|Neutro e Mau|Caótico e Neutro|Caótico e Mau,NAO,,Magia base do clérigo.
CLERIGO_BASE_7_PASSEIO_ETEREO,Passeio Etéreo,7,CLERIGO_BASE,,NAO,,LIVRE,,,SIM,SIM,SIM,SIM,SIM,SIM,SIM,SIM,SIM,Leal e Bom|Leal e Neutro|Leal e Mau|Neutro e Bom|Neutro|Neutro e Mau|Caótico e Bom|Caótico e Neutro|Caótico e Mau,,NAO,,Magia base do clérigo.
CLERIGO_BASE_7_REFUGIO,Refúgio,7,CLERIGO_BASE,,NAO,,LIVRE,,,SIM,SIM,SIM,SIM,SIM,SIM,SIM,SIM,SIM,Leal e Bom|Leal e Neutro|Leal e Mau|Neutro e Bom|Neutro|Neutro e Mau|Caótico e Bom|Caótico e Neutro|Caótico e Mau,,NAO,,Magia base do clérigo.
CLERIGO_BASE_7_REGENERACAO,Regeneração,7,CLERIGO_BASE,,NAO,,LIVRE,,,SIM,SIM,SIM,SIM,SIM,SIM,SIM,SIM,SIM,Leal e Bom|Leal e Neutro|Leal e Mau|Neutro e Bom|Neutro|Neutro e Mau|Caótico e Bom|Caótico e Neutro|Caótico e Mau,,NAO,,Magia base do clérigo.
CLERIGO_BASE_7_REPULSAO,Repulsão,7,CLERIGO_BASE,,NAO,,LIVRE,,,SIM,SIM,SIM,SIM,SIM,SIM,SIM,SIM,SIM,Leal e Bom|Leal e Neutro|Leal e Mau|Neutro e Bom|Neutro|Neutro e Mau|Caótico e Bom|Caótico e Neutro|Caótico e Mau,,NAO,,Magia base do clérigo.
CLERIGO_BASE_7_RESSURREICAO,Ressurreição,7,CLERIGO_BASE,,NAO,,LIVRE,,,SIM,SIM,SIM,SIM,SIM,SIM,SIM,SIM,SIM,Leal e Bom|Leal e Neutro|Leal e Mau|Neutro e Bom|Neutro|Neutro e Mau|Caótico e Bom|Caótico e Neutro|Caótico e Mau,,NAO,,Magia base do clérigo.
CLERIGO_BASE_7_RESTAURACAO_MAIOR,Restauração Maior,7,CLERIGO_BASE,,NAO,,LIVRE,,,SIM,SIM,SIM,SIM,SIM,SIM,SIM,SIM,SIM,Leal e Bom|Leal e Neutro|Leal e Mau|Neutro e Bom|Neutro|Neutro e Mau|Caótico e Bom|Caótico e Neutro|Caótico e Mau,,NAO,,Magia base do clérigo.
CLERIGO_BASE_7_SIMBOLO_DA_FRAQUEZA,Símbolo da Fraqueza,7,CLERIGO_BASE,,NAO,,LIVRE,,,SIM,SIM,SIM,SIM,SIM,SIM,SIM,SIM,SIM,Leal e Bom|Leal e Neutro|Leal e Mau|Neutro e Bom|Neutro|Neutro e Mau|Caótico e Bom|Caótico e Neutro|Caótico e Mau,,NAO,,Magia base do clérigo.
CLERIGO_BASE_7_SIMBOLO_DO_ATORDOAMENTO,Símbolo do Atordoamento,7,CLERIGO_BASE,,NAO,,LIVRE,,,SIM,SIM,SIM,SIM,SIM,SIM,SIM,SIM,SIM,Leal e Bom|Leal e Neutro|Leal e Mau|Neutro e Bom|Neutro|Neutro e Mau|Caótico e Bom|Caótico e Neutro|Caótico e Mau,,NAO,,Magia base do clérigo.
CLERIGO_BASE_7_VIDENCIA_MAIOR,Vidência Maior,7,CLERIGO_BASE,,NAO,,LIVRE,,,SIM,SIM,SIM,SIM,SIM,SIM,SIM,SIM,SIM,Leal e Bom|Leal e Neutro|Leal e Mau|Neutro e Bom|Neutro|Neutro e Mau|Caótico e Bom|Caótico e Neutro|Caótico e Mau,,NAO,,Magia base do clérigo.
DOMINIO_AR_7_CICLONE,Ciclone,7,DOMINIO,Ar,SIM,,LIVRE,,,SIM,SIM,SIM,SIM,SIM,SIM,SIM,SIM,SIM,Leal e Bom|Leal e Neutro|Leal e Mau|Neutro e Bom|Neutro|Neutro e Mau|Caótico e Bom|Caótico e Neutro|Caótico e Mau,,SIM,,Magia de domínio; renderizar somente se o clérigo tiver o domínio Ar.
DOMINIO_AR_7_INVOCAR_MONSTRO_VII,Invocar Monstro VII,7,DOMINIO,Ar,SIM,,LIVRE,,,SIM,SIM,SIM,SIM,SIM,SIM,SIM,SIM,SIM,Leal e Bom|Leal e Neutro|Leal e Mau|Neutro e Bom|Neutro|Neutro e Mau|Caótico e Bom|Caótico e Neutro|Caótico e Mau,,SIM,,Magia de domínio; renderizar somente se o clérigo tiver o domínio Ar.
DOMINIO_BEM_7_PALAVRA_SAGRADA,Palavra Sagrada,7,DOMINIO,Bem,SIM,BEM,FAMILIA_FIXA,,,SIM,NAO,NAO,SIM,NAO,NAO,SIM,NAO,NAO,Leal e Bom|Neutro e Bom|Caótico e Bom,Leal e Neutro|Leal e Mau|Neutro|Neutro e Mau|Caótico e Neutro|Caótico e Mau,SIM,MAL,Magia de domínio; renderizar somente se o clérigo tiver o domínio Bem. O domínio oposto Mal também bloqueia esta magia.
DOMINIO_BEM_7_RESTAURACAO_MAIOR,Restauração Maior,7,DOMINIO,Bem,SIM,BEM,FAMILIA_FIXA,,,SIM,NAO,NAO,SIM,NAO,NAO,SIM,NAO,NAO,Leal e Bom|Neutro e Bom|Caótico e Bom,Leal e Neutro|Leal e Mau|Neutro|Neutro e Mau|Caótico e Neutro|Caótico e Mau,SIM,MAL,Magia de domínio; renderizar somente se o clérigo tiver o domínio Bem. O domínio oposto Mal também bloqueia esta magia.
DOMINIO_CAOS_7_INVOCAR_MONSTRO_VII,Invocar Monstro VII,7,DOMINIO,Caos,SIM,CAOS,FAMILIA_FIXA,,,NAO,NAO,NAO,NAO,NAO,NAO,SIM,SIM,SIM,Caótico e Bom|Caótico e Neutro|Caótico e Mau,Leal e Bom|Leal e Neutro|Leal e Mau|Neutro e Bom|Neutro|Neutro e Mau,SIM,ORDEM,Magia de domínio; renderizar somente se o clérigo tiver o domínio Caos. O domínio oposto Ordem também bloqueia esta magia.
DOMINIO_CAOS_7_PALAVRA_DE_PODER_CEGAR,"Palavra de Poder, Cegar",7,DOMINIO,Caos,SIM,CAOS,FAMILIA_FIXA,,,NAO,NAO,NAO,NAO,NAO,NAO,SIM,SIM,SIM,Caótico e Bom|Caótico e Neutro|Caótico e Mau,Leal e Bom|Leal e Neutro|Leal e Mau|Neutro e Bom|Neutro|Neutro e Mau,SIM,ORDEM,Magia de domínio; renderizar somente se o clérigo tiver o domínio Caos. O domínio oposto Ordem também bloqueia esta magia.
DOMINIO_CONHECIMENTO_7_LENDAS_E_HISTORIAS,Lendas e Histórias,7,DOMINIO,Conhecimento,SIM,,LIVRE,,,SIM,SIM,SIM,SIM,SIM,SIM,SIM,SIM,SIM,Leal e Bom|Leal e Neutro|Leal e Mau|Neutro e Bom|Neutro|Neutro e Mau|Caótico e Bom|Caótico e Neutro|Caótico e Mau,,SIM,,Magia de domínio; renderizar somente se o clérigo tiver o domínio Conhecimento.
DOMINIO_CONHECIMENTO_7_VISAO,Visão,7,DOMINIO,Conhecimento,SIM,,LIVRE,,,SIM,SIM,SIM,SIM,SIM,SIM,SIM,SIM,SIM,Leal e Bom|Leal e Neutro|Leal e Mau|Neutro e Bom|Neutro|Neutro e Mau|Caótico e Bom|Caótico e Neutro|Caótico e Mau,,SIM,,Magia de domínio; renderizar somente se o clérigo tiver o domínio Conhecimento.
DOMINIO_CURA_7_CURAR_FERIMENTOS_MODERADOS_EM_MASSA,Curar Ferimentos Moderados em Massa,7,DOMINIO,Cura,SIM,,LIVRE,,,SIM,SIM,SIM,SIM,SIM,SIM,SIM,SIM,SIM,Leal e Bom|Leal e Neutro|Leal e Mau|Neutro e Bom|Neutro|Neutro e Mau|Caótico e Bom|Caótico e Neutro|Caótico e Mau,,SIM,,Magia de domínio; renderizar somente se o clérigo tiver o domínio Cura.
DOMINIO_CURA_7_REGENERACAO,Regeneração,7,DOMINIO,Cura,SIM,,LIVRE,,,SIM,SIM,SIM,SIM,SIM,SIM,SIM,SIM,SIM,Leal e Bom|Leal e Neutro|Leal e Mau|Neutro e Bom|Neutro|Neutro e Mau|Caótico e Bom|Caótico e Neutro|Caótico e Mau,,SIM,,Magia de domínio; renderizar somente se o clérigo tiver o domínio Cura.
DOMINIO_DESTRUICAO_7_CICLONE,Ciclone,7,DOMINIO,Destruição,SIM,,LIVRE,,,SIM,SIM,SIM,SIM,SIM,SIM,SIM,SIM,SIM,Leal e Bom|Leal e Neutro|Leal e Mau|Neutro e Bom|Neutro|Neutro e Mau|Caótico e Bom|Caótico e Neutro|Caótico e Mau,,SIM,PROTECAO,Magia de domínio; renderizar somente se o clérigo tiver o domínio Destruição. O domínio oposto Protecao também bloqueia esta magia.
DOMINIO_DESTRUICAO_7_INFLIGIR_FERIMENTOS_GRAVES_EM_MASSA,Infligir Ferimentos Graves em Massa,7,DOMINIO,Destruição,SIM,,LIVRE,,,SIM,SIM,SIM,SIM,SIM,SIM,SIM,SIM,SIM,Leal e Bom|Leal e Neutro|Leal e Mau|Neutro e Bom|Neutro|Neutro e Mau|Caótico e Bom|Caótico e Neutro|Caótico e Mau,,SIM,PROTECAO,Magia de domínio; renderizar somente se o clérigo tiver o domínio Destruição. O domínio oposto Protecao também bloqueia esta magia.
DOMINIO_ENGANACAO_7_PALAVRA_DE_PODER_CEGAR,"Palavra de Poder, Cegar",7,DOMINIO,Enganação,SIM,,LIVRE,,,SIM,SIM,SIM,SIM,SIM,SIM,SIM,SIM,SIM,Leal e Bom|Leal e Neutro|Leal e Mau|Neutro e Bom|Neutro|Neutro e Mau|Caótico e Bom|Caótico e Neutro|Caótico e Mau,,SIM,,Magia de domínio; renderizar somente se o clérigo tiver o domínio Enganação.
DOMINIO_ENGANACAO_7_SIMULACRO,Simulacro,7,DOMINIO,Enganação,SIM,,LIVRE,,,SIM,SIM,SIM,SIM,SIM,SIM,SIM,SIM,SIM,Leal e Bom|Leal e Neutro|Leal e Mau|Neutro e Bom|Neutro|Neutro e Mau|Caótico e Bom|Caótico e Neutro|Caótico e Mau,,SIM,,Magia de domínio; renderizar somente se o clérigo tiver o domínio Enganação.
DOMINIO_FOGO_7_EXPLOSAO_SOLAR,Explosão Solar,7,DOMINIO,Fogo,SIM,,LIVRE,,,SIM,SIM,SIM,SIM,SIM,SIM,SIM,SIM,SIM,Leal e Bom|Leal e Neutro|Leal e Mau|Neutro e Bom|Neutro|Neutro e Mau|Caótico e Bom|Caótico e Neutro|Caótico e Mau,,SIM,,Magia de domínio; renderizar somente se o clérigo tiver o domínio Fogo.
DOMINIO_FOGO_7_INVOCAR_MONSTRO_VII,Invocar Monstro VII,7,DOMINIO,Fogo,SIM,,LIVRE,,,SIM,SIM,SIM,SIM,SIM,SIM,SIM,SIM,SIM,Leal e Bom|Leal e Neutro|Leal e Mau|Neutro e Bom|Neutro|Neutro e Mau|Caótico e Bom|Caótico e Neutro|Caótico e Mau,,SIM,,Magia de domínio; renderizar somente se o clérigo tiver o domínio Fogo.
DOMINIO_FORCA_7_MAO_INTERCEPTADORA_DE_BIGBY,Mão Interceptadora de Bigby,7,DOMINIO,Força,SIM,,LIVRE,,,SIM,SIM,SIM,SIM,SIM,SIM,SIM,SIM,SIM,Leal e Bom|Leal e Neutro|Leal e Mau|Neutro e Bom|Neutro|Neutro e Mau|Caótico e Bom|Caótico e Neutro|Caótico e Mau,,SIM,,Magia de domínio; renderizar somente se o clérigo tiver o domínio Força.
DOMINIO_FORCA_7_PALAVRA_DE_PODER_CEGAR,"Palavra de Poder, Cegar",7,DOMINIO,Força,SIM,,LIVRE,,,SIM,SIM,SIM,SIM,SIM,SIM,SIM,SIM,SIM,Leal e Bom|Leal e Neutro|Leal e Mau|Neutro e Bom|Neutro|Neutro e Mau|Caótico e Bom|Caótico e Neutro|Caótico e Mau,,SIM,,Magia de domínio; renderizar somente se o clérigo tiver o domínio Força.
DOMINIO_GUERRA_7_ESPADA_DE_FORCA,Espada de Força,7,DOMINIO,Guerra,SIM,,LIVRE,,,SIM,SIM,SIM,SIM,SIM,SIM,SIM,SIM,SIM,Leal e Bom|Leal e Neutro|Leal e Mau|Neutro e Bom|Neutro|Neutro e Mau|Caótico e Bom|Caótico e Neutro|Caótico e Mau,,SIM,,Magia de domínio; renderizar somente se o clérigo tiver o domínio Guerra.
DOMINIO_GUERRA_7_PALAVRA_SAGRADA,Palavra Sagrada,7,DOMINIO,Guerra,SIM,BEM,FAMILIA_FIXA,,,SIM,NAO,NAO,SIM,NAO,NAO,SIM,NAO,NAO,Leal e Bom|Neutro e Bom|Caótico e Bom,Leal e Neutro|Leal e Mau|Neutro|Neutro e Mau|Caótico e Neutro|Caótico e Mau,SIM,,Magia de domínio; renderizar somente se o clérigo tiver o domínio Guerra.
DOMINIO_MAGIA_7_INVOCAR_MONSTRO_VII,Invocar Monstro VII,7,DOMINIO,Magia,SIM,,LIVRE,,,SIM,SIM,SIM,SIM,SIM,SIM,SIM,SIM,SIM,Leal e Bom|Leal e Neutro|Leal e Mau|Neutro e Bom|Neutro|Neutro e Mau|Caótico e Bom|Caótico e Neutro|Caótico e Mau,,SIM,,Magia de domínio; renderizar somente se o clérigo tiver o domínio Magia.
DOMINIO_MAGIA_7_PALAVRA_DE_PODER_CEGAR,"Palavra de Poder, Cegar",7,DOMINIO,Magia,SIM,,LIVRE,,,SIM,SIM,SIM,SIM,SIM,SIM,SIM,SIM,SIM,Leal e Bom|Leal e Neutro|Leal e Mau|Neutro e Bom|Neutro|Neutro e Mau|Caótico e Bom|Caótico e Neutro|Caótico e Mau,,SIM,,Magia de domínio; renderizar somente se o clérigo tiver o domínio Magia.
DOMINIO_MAL_7_INFLIGIR_FERIMENTOS_GRAVES_EM_MASSA,Infligir Ferimentos Graves em Massa,7,DOMINIO,Mal,SIM,MAL,FAMILIA_FIXA,,,NAO,NAO,SIM,NAO,NAO,SIM,NAO,NAO,SIM,Leal e Mau|Neutro e Mau|Caótico e Mau,Leal e Bom|Leal e Neutro|Neutro e Bom|Neutro|Caótico e Bom|Caótico e Neutro,SIM,BEM,Magia de domínio; renderizar somente se o clérigo tiver o domínio Mal. O domínio oposto Bem também bloqueia esta magia.
DOMINIO_MAL_7_INVOCAR_MONSTRO_VII,Invocar Monstro VII,7,DOMINIO,Mal,SIM,MAL,FAMILIA_FIXA,,,NAO,NAO,SIM,NAO,NAO,SIM,NAO,NAO,SIM,Leal e Mau|Neutro e Mau|Caótico e Mau,Leal e Bom|Leal e Neutro|Neutro e Bom|Neutro|Caótico e Bom|Caótico e Neutro,SIM,BEM,Magia de domínio; renderizar somente se o clérigo tiver o domínio Mal. O domínio oposto Bem também bloqueia esta magia.
DOMINIO_MORTE_7_DEDO_DA_MORTE,Dedo da Morte,7,DOMINIO,Morte,SIM,,LIVRE,,,SIM,SIM,SIM,SIM,SIM,SIM,SIM,SIM,SIM,Leal e Bom|Leal e Neutro|Leal e Mau|Neutro e Bom|Neutro|Neutro e Mau|Caótico e Bom|Caótico e Neutro|Caótico e Mau,,SIM,,Magia de domínio; renderizar somente se o clérigo tiver o domínio Morte.
DOMINIO_MORTE_7_INFLIGIR_FERIMENTOS_GRAVES_EM_MASSA,Infligir Ferimentos Graves em Massa,7,DOMINIO,Morte,SIM,,LIVRE,,,SIM,SIM,SIM,SIM,SIM,SIM,SIM,SIM,SIM,Leal e Bom|Leal e Neutro|Leal e Mau|Neutro e Bom|Neutro|Neutro e Mau|Caótico e Bom|Caótico e Neutro|Caótico e Mau,,SIM,,Magia de domínio; renderizar somente se o clérigo tiver o domínio Morte.
DOMINIO_PROTECAO_7_MURALHA_DE_FERRO,Muralha de Ferro,7,DOMINIO,Proteção,SIM,,LIVRE,,,SIM,SIM,SIM,SIM,SIM,SIM,SIM,SIM,SIM,Leal e Bom|Leal e Neutro|Leal e Mau|Neutro e Bom|Neutro|Neutro e Mau|Caótico e Bom|Caótico e Neutro|Caótico e Mau,,SIM,DESTRUICAO,Magia de domínio; renderizar somente se o clérigo tiver o domínio Proteção. O domínio oposto Destruicao também bloqueia esta magia.
DOMINIO_PROTECAO_7_PROTECAO_CONTRA_MAGIAS,Proteção Contra Magias,7,DOMINIO,Proteção,SIM,,LIVRE,,,SIM,SIM,SIM,SIM,SIM,SIM,SIM,SIM,SIM,Leal e Bom|Leal e Neutro|Leal e Mau|Neutro e Bom|Neutro|Neutro e Mau|Caótico e Bom|Caótico e Neutro|Caótico e Mau,,SIM,DESTRUICAO,Magia de domínio; renderizar somente se o clérigo tiver o domínio Proteção. O domínio oposto Destruicao também bloqueia esta magia.
DOMINIO_SOL_7_EXPLOSAO_SOLAR,Explosão Solar,7,DOMINIO,Sol,SIM,,LIVRE,,,SIM,SIM,SIM,SIM,SIM,SIM,SIM,SIM,SIM,Leal e Bom|Leal e Neutro|Leal e Mau|Neutro e Bom|Neutro|Neutro e Mau|Caótico e Bom|Caótico e Neutro|Caótico e Mau,,SIM,,Magia de domínio; renderizar somente se o clérigo tiver o domínio Sol.
DOMINIO_SOL_7_PALAVRA_SAGRADA,Palavra Sagrada,7,DOMINIO,Sol,SIM,BEM,FAMILIA_FIXA,,,SIM,NAO,NAO,SIM,NAO,NAO,SIM,NAO,NAO,Leal e Bom|Neutro e Bom|Caótico e Bom,Leal e Neutro|Leal e Mau|Neutro|Neutro e Mau|Caótico e Neutro|Caótico e Mau,SIM,,Magia de domínio; renderizar somente se o clérigo tiver o domínio Sol.
DOMINIO_SORTE_7_LENDAS_E_HISTORIAS,Lendas e Histórias,7,DOMINIO,Sorte,SIM,,LIVRE,,,SIM,SIM,SIM,SIM,SIM,SIM,SIM,SIM,SIM,Leal e Bom|Leal e Neutro|Leal e Mau|Neutro e Bom|Neutro|Neutro e Mau|Caótico e Bom|Caótico e Neutro|Caótico e Mau,,SIM,,Magia de domínio; renderizar somente se o clérigo tiver o domínio Sorte.
DOMINIO_SORTE_7_VISAO,Visão,7,DOMINIO,Sorte,SIM,,LIVRE,,,SIM,SIM,SIM,SIM,SIM,SIM,SIM,SIM,SIM,Leal e Bom|Leal e Neutro|Leal e Mau|Neutro e Bom|Neutro|Neutro e Mau|Caótico e Bom|Caótico e Neutro|Caótico e Mau,,SIM,,Magia de domínio; renderizar somente se o clérigo tiver o domínio Sorte.
DOMINIO_TERRA_7_INVOCAR_MONSTRO_VII,Invocar Monstro VII,7,DOMINIO,Terra,SIM,,LIVRE,,,SIM,SIM,SIM,SIM,SIM,SIM,SIM,SIM,SIM,Leal e Bom|Leal e Neutro|Leal e Mau|Neutro e Bom|Neutro|Neutro e Mau|Caótico e Bom|Caótico e Neutro|Caótico e Mau,,SIM,,Magia de domínio; renderizar somente se o clérigo tiver o domínio Terra.
DOMINIO_TERRA_7_TERREMOTO,Terremoto,7,DOMINIO,Terra,SIM,,LIVRE,,,SIM,SIM,SIM,SIM,SIM,SIM,SIM,SIM,SIM,Leal e Bom|Leal e Neutro|Leal e Mau|Neutro e Bom|Neutro|Neutro e Mau|Caótico e Bom|Caótico e Neutro|Caótico e Mau,,SIM,,Magia de domínio; renderizar somente se o clérigo tiver o domínio Terra.
DOMINIO_VIAGEM_7_CAMINHAR_NO_VENTO,Caminhar no Vento,7,DOMINIO,Viagem,SIM,,LIVRE,,,SIM,SIM,SIM,SIM,SIM,SIM,SIM,SIM,SIM,Leal e Bom|Leal e Neutro|Leal e Mau|Neutro e Bom|Neutro|Neutro e Mau|Caótico e Bom|Caótico e Neutro|Caótico e Mau,,SIM,,Magia de domínio; renderizar somente se o clérigo tiver o domínio Viagem.
DOMINIO_VIAGEM_7_TELETRANSPORTE_MAIOR,Teletransporte Maior,7,DOMINIO,Viagem,SIM,,LIVRE,,,SIM,SIM,SIM,SIM,SIM,SIM,SIM,SIM,SIM,Leal e Bom|Leal e Neutro|Leal e Mau|Neutro e Bom|Neutro|Neutro e Mau|Caótico e Bom|Caótico e Neutro|Caótico e Mau,,SIM,,Magia de domínio; renderizar somente se o clérigo tiver o domínio Viagem.
CLERIGO_BASE_8_ALIADO_EXTRA_PLANAR_MAIOR,Aliado Extra-Planar Maior,8,CLERIGO_BASE,,NAO,,LIVRE,,,SIM,SIM,SIM,SIM,SIM,SIM,SIM,SIM,SIM,Leal e Bom|Leal e Neutro|Leal e Mau|Neutro e Bom|Neutro|Neutro e Mau|Caótico e Bom|Caótico e Neutro|Caótico e Mau,,NAO,,Magia base do clérigo.
CLERIGO_BASE_8_AURA_PROFANA,Aura Profana,8,CLERIGO_BASE,,NAO,MAL,FAMILIA_FIXA,,,NAO,NAO,SIM,NAO,NAO,SIM,NAO,NAO,SIM,Leal e Mau|Neutro e Mau|Caótico e Mau,Leal e Bom|Leal e Neutro|Neutro e Bom|Neutro|Caótico e Bom|Caótico e Neutro,NAO,,Magia base do clérigo.
CLERIGO_BASE_8_AURA_SAGRADA,Aura Sagrada,8,CLERIGO_BASE,,NAO,BEM,FAMILIA_FIXA,,,SIM,NAO,NAO,SIM,NAO,NAO,SIM,NAO,NAO,Leal e Bom|Neutro e Bom|Caótico e Bom,Leal e Neutro|Leal e Mau|Neutro|Neutro e Mau|Caótico e Neutro|Caótico e Mau,NAO,,Magia base do clérigo.
CLERIGO_BASE_8_CAMPO_ANTIMAGIA,Campo Antimagia,8,CLERIGO_BASE,,NAO,,LIVRE,,,SIM,SIM,SIM,SIM,SIM,SIM,SIM,SIM,SIM,Leal e Bom|Leal e Neutro|Leal e Mau|Neutro e Bom|Neutro|Neutro e Mau|Caótico e Bom|Caótico e Neutro|Caótico e Mau,,NAO,,Magia base do clérigo.
CLERIGO_BASE_8_CRIAR_MORTOS_VIVOS_MAIOR,Criar Mortos-Vivos Maior,8,CLERIGO_BASE,,NAO,MAL,FAMILIA_FIXA,,,NAO,NAO,SIM,NAO,NAO,SIM,NAO,NAO,SIM,Leal e Mau|Neutro e Mau|Caótico e Mau,Leal e Bom|Leal e Neutro|Neutro e Bom|Neutro|Caótico e Bom|Caótico e Neutro,NAO,,Magia base do clérigo.
CLERIGO_BASE_8_CURAR_FERIMENTOS_CRITICOS_EM_MASSA,Curar Ferimentos Críticos em Massa,8,CLERIGO_BASE,,NAO,,LIVRE,,,SIM,SIM,SIM,SIM,SIM,SIM,SIM,SIM,SIM,Leal e Bom|Leal e Neutro|Leal e Mau|Neutro e Bom|Neutro|Neutro e Mau|Caótico e Bom|Caótico e Neutro|Caótico e Mau,,NAO,,Magia base do clérigo.
CLERIGO_BASE_8_DISCERNIR_LOCALIZACAO,Discernir Localização,8,CLERIGO_BASE,,NAO,,LIVRE,,,SIM,SIM,SIM,SIM,SIM,SIM,SIM,SIM,SIM,Leal e Bom|Leal e Neutro|Leal e Mau|Neutro e Bom|Neutro|Neutro e Mau|Caótico e Bom|Caótico e Neutro|Caótico e Mau,,NAO,,Magia base do clérigo.
CLERIGO_BASE_8_ESCUDO_DA_ORDEM,Escudo da Ordem,8,CLERIGO_BASE,,NAO,ORDEM,FAMILIA_FIXA,,,SIM,SIM,SIM,NAO,NAO,NAO,NAO,NAO,NAO,Leal e Bom|Leal e Neutro|Leal e Mau,Neutro e Bom|Neutro|Neutro e Mau|Caótico e Bom|Caótico e Neutro|Caótico e Mau,NAO,,Magia base do clérigo.
CLERIGO_BASE_8_IMUNIDADE_A_MAGIA_MAIOR,Imunidade à Magia Maior,8,CLERIGO_BASE,,NAO,,LIVRE,,,SIM,SIM,SIM,SIM,SIM,SIM,SIM,SIM,SIM,Leal e Bom|Leal e Neutro|Leal e Mau|Neutro e Bom|Neutro|Neutro e Mau|Caótico e Bom|Caótico e Neutro|Caótico e Mau,,NAO,,Magia base do clérigo.
CLERIGO_BASE_8_INFLIGIR_FERIMENTOS_CRITICOS_EM_MASSA,Infligir Ferimentos Críticos em Massa,8,CLERIGO_BASE,,NAO,,LIVRE,,,SIM,SIM,SIM,SIM,SIM,SIM,SIM,SIM,SIM,Leal e Bom|Leal e Neutro|Leal e Mau|Neutro e Bom|Neutro|Neutro e Mau|Caótico e Bom|Caótico e Neutro|Caótico e Mau,,NAO,,Magia base do clérigo.
CLERIGO_BASE_8_INVOCAR_CRIATURAS_VIII,Invocar Criaturas VIII,8,CLERIGO_BASE,,NAO,,LIVRE,,,SIM,SIM,SIM,SIM,SIM,SIM,SIM,SIM,SIM,Leal e Bom|Leal e Neutro|Leal e Mau|Neutro e Bom|Neutro|Neutro e Mau|Caótico e Bom|Caótico e Neutro|Caótico e Mau,,NAO,,Magia base do clérigo.
CLERIGO_BASE_8_MANTO_DO_CAOS,Manto do Caos,8,CLERIGO_BASE,,NAO,CAOS,FAMILIA_FIXA,,,NAO,NAO,NAO,NAO,NAO,NAO,SIM,SIM,SIM,Caótico e Bom|Caótico e Neutro|Caótico e Mau,Leal e Bom|Leal e Neutro|Leal e Mau|Neutro e Bom|Neutro|Neutro e Mau,NAO,,Magia base do clérigo.
CLERIGO_BASE_8_SIMBOLO_DA_INSANIDADE,Símbolo da Insanidade,8,CLERIGO_BASE,,NAO,,LIVRE,,,SIM,SIM,SIM,SIM,SIM,SIM,SIM,SIM,SIM,Leal e Bom|Leal e Neutro|Leal e Mau|Neutro e Bom|Neutro|Neutro e Mau|Caótico e Bom|Caótico e Neutro|Caótico e Mau,,NAO,,Magia base do clérigo.
CLERIGO_BASE_8_SIMBOLO_DA_MORTE,Símbolo da Morte,8,CLERIGO_BASE,,NAO,,LIVRE,,,SIM,SIM,SIM,SIM,SIM,SIM,SIM,SIM,SIM,Leal e Bom|Leal e Neutro|Leal e Mau|Neutro e Bom|Neutro|Neutro e Mau|Caótico e Bom|Caótico e Neutro|Caótico e Mau,,NAO,,Magia base do clérigo.
CLERIGO_BASE_8_TEMPESTADE_DE_FOGO,Tempestade de Fogo,8,CLERIGO_BASE,,NAO,,LIVRE,,,SIM,SIM,SIM,SIM,SIM,SIM,SIM,SIM,SIM,Leal e Bom|Leal e Neutro|Leal e Mau|Neutro e Bom|Neutro|Neutro e Mau|Caótico e Bom|Caótico e Neutro|Caótico e Mau,,NAO,,Magia base do clérigo.
CLERIGO_BASE_8_TERREMOTO,Terremoto,8,CLERIGO_BASE,,NAO,,LIVRE,,,SIM,SIM,SIM,SIM,SIM,SIM,SIM,SIM,SIM,Leal e Bom|Leal e Neutro|Leal e Mau|Neutro e Bom|Neutro|Neutro e Mau|Caótico e Bom|Caótico e Neutro|Caótico e Mau,,NAO,,Magia base do clérigo.
CLERIGO_BASE_8_TRANCA_DIMENSIONAL,Tranca Dimensional,8,CLERIGO_BASE,,NAO,,LIVRE,,,SIM,SIM,SIM,SIM,SIM,SIM,SIM,SIM,SIM,Leal e Bom|Leal e Neutro|Leal e Mau|Neutro e Bom|Neutro|Neutro e Mau|Caótico e Bom|Caótico e Neutro|Caótico e Mau,,NAO,,Magia base do clérigo.
DOMINIO_AR_8_PALAVRA_DE_PODER_ATORDOAR,"Palavra de Poder, Atordoar",8,DOMINIO,Ar,SIM,,LIVRE,,,SIM,SIM,SIM,SIM,SIM,SIM,SIM,SIM,SIM,Leal e Bom|Leal e Neutro|Leal e Mau|Neutro e Bom|Neutro|Neutro e Mau|Caótico e Bom|Caótico e Neutro|Caótico e Mau,,SIM,,Magia de domínio; renderizar somente se o clérigo tiver o domínio Ar.
DOMINIO_AR_8_TEMPESTADE_DE_VINGANCA,Tempestade de Vingança,8,DOMINIO,Ar,SIM,,LIVRE,,,SIM,SIM,SIM,SIM,SIM,SIM,SIM,SIM,SIM,Leal e Bom|Leal e Neutro|Leal e Mau|Neutro e Bom|Neutro|Neutro e Mau|Caótico e Bom|Caótico e Neutro|Caótico e Mau,,SIM,,Magia de domínio; renderizar somente se o clérigo tiver o domínio Ar.
DOMINIO_BEM_8_AURA_SAGRADA,Aura Sagrada,8,DOMINIO,Bem,SIM,BEM,FAMILIA_FIXA,,,SIM,NAO,NAO,SIM,NAO,NAO,SIM,NAO,NAO,Leal e Bom|Neutro e Bom|Caótico e Bom,Leal e Neutro|Leal e Mau|Neutro|Neutro e Mau|Caótico e Neutro|Caótico e Mau,SIM,MAL,Magia de domínio; renderizar somente se o clérigo tiver o domínio Bem. O domínio oposto Mal também bloqueia esta magia.
DOMINIO_BEM_8_INVOCAR_MONSTRO_VIII,Invocar Monstro VIII,8,DOMINIO,Bem,SIM,BEM,FAMILIA_FIXA,,,SIM,NAO,NAO,SIM,NAO,NAO,SIM,NAO,NAO,Leal e Bom|Neutro e Bom|Caótico e Bom,Leal e Neutro|Leal e Mau|Neutro|Neutro e Mau|Caótico e Neutro|Caótico e Mau,SIM,MAL,Magia de domínio; renderizar somente se o clérigo tiver o domínio Bem. O domínio oposto Mal também bloqueia esta magia.
DOMINIO_CAOS_8_AURA_CAOTICA,Aura Caótica,8,DOMINIO,Caos,SIM,CAOS,FAMILIA_FIXA,,,NAO,NAO,NAO,NAO,NAO,NAO,SIM,SIM,SIM,Caótico e Bom|Caótico e Neutro|Caótico e Mau,Leal e Bom|Leal e Neutro|Leal e Mau|Neutro e Bom|Neutro|Neutro e Mau,SIM,ORDEM,Magia de domínio; renderizar somente se o clérigo tiver o domínio Caos. O domínio oposto Ordem também bloqueia esta magia.
DOMINIO_CAOS_8_SIMBOLO_DA_LOUCURA,Símbolo da Loucura,8,DOMINIO,Caos,SIM,CAOS,FAMILIA_FIXA,,,NAO,NAO,NAO,NAO,NAO,NAO,SIM,SIM,SIM,Caótico e Bom|Caótico e Neutro|Caótico e Mau,Leal e Bom|Leal e Neutro|Leal e Mau|Neutro e Bom|Neutro|Neutro e Mau,SIM,ORDEM,Magia de domínio; renderizar somente se o clérigo tiver o domínio Caos. O domínio oposto Ordem também bloqueia esta magia.
DOMINIO_CONHECIMENTO_8_DISCERNIR_LOCALIZACAO,Discernir Localização,8,DOMINIO,Conhecimento,SIM,,LIVRE,,,SIM,SIM,SIM,SIM,SIM,SIM,SIM,SIM,SIM,Leal e Bom|Leal e Neutro|Leal e Mau|Neutro e Bom|Neutro|Neutro e Mau|Caótico e Bom|Caótico e Neutro|Caótico e Mau,,SIM,,Magia de domínio; renderizar somente se o clérigo tiver o domínio Conhecimento.
DOMINIO_CONHECIMENTO_8_SIMBOLO_DA_VERDADE,Símbolo da Verdade,8,DOMINIO,Conhecimento,SIM,,LIVRE,,,SIM,SIM,SIM,SIM,SIM,SIM,SIM,SIM,SIM,Leal e Bom|Leal e Neutro|Leal e Mau|Neutro e Bom|Neutro|Neutro e Mau|Caótico e Bom|Caótico e Neutro|Caótico e Mau,,SIM,,Magia de domínio; renderizar somente se o clérigo tiver o domínio Conhecimento.
DOMINIO_CURA_8_CURAR_FERIMENTOS_GRAVES_EM_MASSA,Curar Ferimentos Graves em Massa,8,DOMINIO,Cura,SIM,,LIVRE,,,SIM,SIM,SIM,SIM,SIM,SIM,SIM,SIM,SIM,Leal e Bom|Leal e Neutro|Leal e Mau|Neutro e Bom|Neutro|Neutro e Mau|Caótico e Bom|Caótico e Neutro|Caótico e Mau,,SIM,,Magia de domínio; renderizar somente se o clérigo tiver o domínio Cura.
DOMINIO_CURA_8_PALAVRA_DE_PODER_CURAR,"Palavra de Poder, Curar",8,DOMINIO,Cura,SIM,,LIVRE,,,SIM,SIM,SIM,SIM,SIM,SIM,SIM,SIM,SIM,Leal e Bom|Leal e Neutro|Leal e Mau|Neutro e Bom|Neutro|Neutro e Mau|Caótico e Bom|Caótico e Neutro|Caótico e Mau,,SIM,,Magia de domínio; renderizar somente se o clérigo tiver o domínio Cura.
DOMINIO_DESTRUICAO_8_INFLIGIR_FERIMENTOS_CRITICOS_EM_MASSA,Infligir Ferimentos Críticos em Massa,8,DOMINIO,Destruição,SIM,,LIVRE,,,SIM,SIM,SIM,SIM,SIM,SIM,SIM,SIM,SIM,Leal e Bom|Leal e Neutro|Leal e Mau|Neutro e Bom|Neutro|Neutro e Mau|Caótico e Bom|Caótico e Neutro|Caótico e Mau,,SIM,PROTECAO,Magia de domínio; renderizar somente se o clérigo tiver o domínio Destruição. O domínio oposto Protecao também bloqueia esta magia.
DOMINIO_DESTRUICAO_8_TEMPESTADE_DE_VINGANCA,Tempestade de Vingança,8,DOMINIO,Destruição,SIM,,LIVRE,,,SIM,SIM,SIM,SIM,SIM,SIM,SIM,SIM,SIM,Leal e Bom|Leal e Neutro|Leal e Mau|Neutro e Bom|Neutro|Neutro e Mau|Caótico e Bom|Caótico e Neutro|Caótico e Mau,,SIM,PROTECAO,Magia de domínio; renderizar somente se o clérigo tiver o domínio Destruição. O domínio oposto Protecao também bloqueia esta magia.
DOMINIO_ENGANACAO_8_MENTE_EM_BRANCO,Mente em Branco,8,DOMINIO,Enganação,SIM,,LIVRE,,,SIM,SIM,SIM,SIM,SIM,SIM,SIM,SIM,SIM,Leal e Bom|Leal e Neutro|Leal e Mau|Neutro e Bom|Neutro|Neutro e Mau|Caótico e Bom|Caótico e Neutro|Caótico e Mau,,SIM,,Magia de domínio; renderizar somente se o clérigo tiver o domínio Enganação.
DOMINIO_ENGANACAO_8_SIMBOLO_DA_LOUCURA,Símbolo da Loucura,8,DOMINIO,Enganação,SIM,CAOS,FAMILIA_FIXA,,,NAO,NAO,NAO,NAO,NAO,NAO,SIM,SIM,SIM,Caótico e Bom|Caótico e Neutro|Caótico e Mau,Leal e Bom|Leal e Neutro|Leal e Mau|Neutro e Bom|Neutro|Neutro e Mau,SIM,,Magia de domínio; renderizar somente se o clérigo tiver o domínio Enganação.
DOMINIO_FOGO_8_INCENDIO,Incêndio,8,DOMINIO,Fogo,SIM,,LIVRE,,,SIM,SIM,SIM,SIM,SIM,SIM,SIM,SIM,SIM,Leal e Bom|Leal e Neutro|Leal e Mau|Neutro e Bom|Neutro|Neutro e Mau|Caótico e Bom|Caótico e Neutro|Caótico e Mau,,SIM,,Magia de domínio; renderizar somente se o clérigo tiver o domínio Fogo.
DOMINIO_FOGO_8_PALAVRA_DE_PODER_ATORDOAR,"Palavra de Poder, Atordoar",8,DOMINIO,Fogo,SIM,,LIVRE,,,SIM,SIM,SIM,SIM,SIM,SIM,SIM,SIM,SIM,Leal e Bom|Leal e Neutro|Leal e Mau|Neutro e Bom|Neutro|Neutro e Mau|Caótico e Bom|Caótico e Neutro|Caótico e Mau,,SIM,,Magia de domínio; renderizar somente se o clérigo tiver o domínio Fogo.
DOMINIO_FORCA_8_AURA_SAGRADA,Aura Sagrada,8,DOMINIO,Força,SIM,BEM,FAMILIA_FIXA,,,SIM,NAO,NAO,SIM,NAO,NAO,SIM,NAO,NAO,Leal e Bom|Neutro e Bom|Caótico e Bom,Leal e Neutro|Leal e Mau|Neutro|Neutro e Mau|Caótico e Neutro|Caótico e Mau,SIM,,Magia de domínio; renderizar somente se o clérigo tiver o domínio Força.
DOMINIO_FORCA_8_MAO_ESMAGADORA_DE_BIGBY,Mão Esmagadora de Bigby,8,DOMINIO,Força,SIM,,LIVRE,,,SIM,SIM,SIM,SIM,SIM,SIM,SIM,SIM,SIM,Leal e Bom|Leal e Neutro|Leal e Mau|Neutro e Bom|Neutro|Neutro e Mau|Caótico e Bom|Caótico e Neutro|Caótico e Mau,,SIM,,Magia de domínio; renderizar somente se o clérigo tiver o domínio Força.
DOMINIO_GUERRA_8_AURA_SAGRADA,Aura Sagrada,8,DOMINIO,Guerra,SIM,BEM,FAMILIA_FIXA,,,SIM,NAO,NAO,SIM,NAO,NAO,SIM,NAO,NAO,Leal e Bom|Neutro e Bom|Caótico e Bom,Leal e Neutro|Leal e Mau|Neutro|Neutro e Mau|Caótico e Neutro|Caótico e Mau,SIM,,Magia de domínio; renderizar somente se o clérigo tiver o domínio Guerra.
DOMINIO_GUERRA_8_SIMBOLO_DA_MORTE,Símbolo da Morte,8,DOMINIO,Guerra,SIM,,LIVRE,,,SIM,SIM,SIM,SIM,SIM,SIM,SIM,SIM,SIM,Leal e Bom|Leal e Neutro|Leal e Mau|Neutro e Bom|Neutro|Neutro e Mau|Caótico e Bom|Caótico e Neutro|Caótico e Mau,,SIM,,Magia de domínio; renderizar somente se o clérigo tiver o domínio Guerra.
DOMINIO_MAGIA_8_MENTE_EM_BRANCO,Mente em Branco,8,DOMINIO,Magia,SIM,,LIVRE,,,SIM,SIM,SIM,SIM,SIM,SIM,SIM,SIM,SIM,Leal e Bom|Leal e Neutro|Leal e Mau|Neutro e Bom|Neutro|Neutro e Mau|Caótico e Bom|Caótico e Neutro|Caótico e Mau,,SIM,,Magia de domínio; renderizar somente se o clérigo tiver o domínio Magia.
DOMINIO_MAGIA_8_SIMBOLO_DA_LOUCURA,Símbolo da Loucura,8,DOMINIO,Magia,SIM,CAOS,FAMILIA_FIXA,,,NAO,NAO,NAO,NAO,NAO,NAO,SIM,SIM,SIM,Caótico e Bom|Caótico e Neutro|Caótico e Mau,Leal e Bom|Leal e Neutro|Leal e Mau|Neutro e Bom|Neutro|Neutro e Mau,SIM,,Magia de domínio; renderizar somente se o clérigo tiver o domínio Magia.
DOMINIO_MAL_8_AURA_PROFANA,Aura Profana,8,DOMINIO,Mal,SIM,MAL,FAMILIA_FIXA,,,NAO,NAO,SIM,NAO,NAO,SIM,NAO,NAO,SIM,Leal e Mau|Neutro e Mau|Caótico e Mau,Leal e Bom|Leal e Neutro|Neutro e Bom|Neutro|Caótico e Bom|Caótico e Neutro,SIM,BEM,Magia de domínio; renderizar somente se o clérigo tiver o domínio Mal. O domínio oposto Bem também bloqueia esta magia.
DOMINIO_MAL_8_INFLIGIR_FERIMENTOS_CRITICOS_EM_MASSA,Infligir Ferimentos Críticos em Massa,8,DOMINIO,Mal,SIM,MAL,FAMILIA_FIXA,,,NAO,NAO,SIM,NAO,NAO,SIM,NAO,NAO,SIM,Leal e Mau|Neutro e Mau|Caótico e Mau,Leal e Bom|Leal e Neutro|Neutro e Bom|Neutro|Caótico e Bom|Caótico e Neutro,SIM,BEM,Magia de domínio; renderizar somente se o clérigo tiver o domínio Mal. O domínio oposto Bem também bloqueia esta magia.
DOMINIO_MORTE_8_INFLIGIR_FERIMENTOS_CRITICOS_EM_MASSA,Infligir Ferimentos Críticos em Massa,8,DOMINIO,Morte,SIM,,LIVRE,,,SIM,SIM,SIM,SIM,SIM,SIM,SIM,SIM,SIM,Leal e Bom|Leal e Neutro|Leal e Mau|Neutro e Bom|Neutro|Neutro e Mau|Caótico e Bom|Caótico e Neutro|Caótico e Mau,,SIM,,Magia de domínio; renderizar somente se o clérigo tiver o domínio Morte.
DOMINIO_MORTE_8_SIMBOLO_DA_MORTE,Símbolo da Morte,8,DOMINIO,Morte,SIM,,LIVRE,,,SIM,SIM,SIM,SIM,SIM,SIM,SIM,SIM,SIM,Leal e Bom|Leal e Neutro|Leal e Mau|Neutro e Bom|Neutro|Neutro e Mau|Caótico e Bom|Caótico e Neutro|Caótico e Mau,,SIM,,Magia de domínio; renderizar somente se o clérigo tiver o domínio Morte.
DOMINIO_PROTECAO_8_AURA_SAGRADA,Aura Sagrada,8,DOMINIO,Proteção,SIM,BEM,FAMILIA_FIXA,,,SIM,NAO,NAO,SIM,NAO,NAO,SIM,NAO,NAO,Leal e Bom|Neutro e Bom|Caótico e Bom,Leal e Neutro|Leal e Mau|Neutro|Neutro e Mau|Caótico e Neutro|Caótico e Mau,SIM,DESTRUICAO,Magia de domínio; renderizar somente se o clérigo tiver o domínio Proteção. O domínio oposto Destruicao também bloqueia esta magia.
DOMINIO_PROTECAO_8_MENTE_EM_BRANCO,Mente em Branco,8,DOMINIO,Proteção,SIM,,LIVRE,,,SIM,SIM,SIM,SIM,SIM,SIM,SIM,SIM,SIM,Leal e Bom|Leal e Neutro|Leal e Mau|Neutro e Bom|Neutro|Neutro e Mau|Caótico e Bom|Caótico e Neutro|Caótico e Mau,,SIM,DESTRUICAO,Magia de domínio; renderizar somente se o clérigo tiver o domínio Proteção. O domínio oposto Destruicao também bloqueia esta magia.
DOMINIO_SOL_8_AURA_SAGRADA,Aura Sagrada,8,DOMINIO,Sol,SIM,BEM,FAMILIA_FIXA,,,SIM,NAO,NAO,SIM,NAO,NAO,SIM,NAO,NAO,Leal e Bom|Neutro e Bom|Caótico e Bom,Leal e Neutro|Leal e Mau|Neutro|Neutro e Mau|Caótico e Neutro|Caótico e Mau,SIM,,Magia de domínio; renderizar somente se o clérigo tiver o domínio Sol.
DOMINIO_SOL_8_INCENDIO,Incêndio,8,DOMINIO,Sol,SIM,,LIVRE,,,SIM,SIM,SIM,SIM,SIM,SIM,SIM,SIM,SIM,Leal e Bom|Leal e Neutro|Leal e Mau|Neutro e Bom|Neutro|Neutro e Mau|Caótico e Bom|Caótico e Neutro|Caótico e Mau,,SIM,,Magia de domínio; renderizar somente se o clérigo tiver o domínio Sol.
DOMINIO_SORTE_8_DISCERNIR_LOCALIZACAO,Discernir Localização,8,DOMINIO,Sorte,SIM,,LIVRE,,,SIM,SIM,SIM,SIM,SIM,SIM,SIM,SIM,SIM,Leal e Bom|Leal e Neutro|Leal e Mau|Neutro e Bom|Neutro|Neutro e Mau|Caótico e Bom|Caótico e Neutro|Caótico e Mau,,SIM,,Magia de domínio; renderizar somente se o clérigo tiver o domínio Sorte.
DOMINIO_SORTE_8_SIMBOLO_DA_VERDADE,Símbolo da Verdade,8,DOMINIO,Sorte,SIM,,LIVRE,,,SIM,SIM,SIM,SIM,SIM,SIM,SIM,SIM,SIM,Leal e Bom|Leal e Neutro|Leal e Mau|Neutro e Bom|Neutro|Neutro e Mau|Caótico e Bom|Caótico e Neutro|Caótico e Mau,,SIM,,Magia de domínio; renderizar somente se o clérigo tiver o domínio Sorte.
DOMINIO_TERRA_8_MURALHA_DE_PEDRA,Muralha de Pedra,8,DOMINIO,Terra,SIM,,LIVRE,,,SIM,SIM,SIM,SIM,SIM,SIM,SIM,SIM,SIM,Leal e Bom|Leal e Neutro|Leal e Mau|Neutro e Bom|Neutro|Neutro e Mau|Caótico e Bom|Caótico e Neutro|Caótico e Mau,,SIM,,Magia de domínio; renderizar somente se o clérigo tiver o domínio Terra.
DOMINIO_TERRA_8_SIMBOLO_DA_TERRA,Símbolo da Terra,8,DOMINIO,Terra,SIM,,LIVRE,,,SIM,SIM,SIM,SIM,SIM,SIM,SIM,SIM,SIM,Leal e Bom|Leal e Neutro|Leal e Mau|Neutro e Bom|Neutro|Neutro e Mau|Caótico e Bom|Caótico e Neutro|Caótico e Mau,,SIM,,Magia de domínio; renderizar somente se o clérigo tiver o domínio Terra.
DOMINIO_VIAGEM_8_DISCERNIR_LOCALIZACAO,Discernir Localização,8,DOMINIO,Viagem,SIM,,LIVRE,,,SIM,SIM,SIM,SIM,SIM,SIM,SIM,SIM,SIM,Leal e Bom|Leal e Neutro|Leal e Mau|Neutro e Bom|Neutro|Neutro e Mau|Caótico e Bom|Caótico e Neutro|Caótico e Mau,,SIM,,Magia de domínio; renderizar somente se o clérigo tiver o domínio Viagem.
DOMINIO_VIAGEM_8_LABIRINTO,Labirinto,8,DOMINIO,Viagem,SIM,,LIVRE,,,SIM,SIM,SIM,SIM,SIM,SIM,SIM,SIM,SIM,Leal e Bom|Leal e Neutro|Leal e Mau|Neutro e Bom|Neutro|Neutro e Mau|Caótico e Bom|Caótico e Neutro|Caótico e Mau,,SIM,,Magia de domínio; renderizar somente se o clérigo tiver o domínio Viagem.
CLERIGO_BASE_9_CURA_COMPLETA_EM_MASSA,Cura Completa em Massa,9,CLERIGO_BASE,,NAO,,LIVRE,,,SIM,SIM,SIM,SIM,SIM,SIM,SIM,SIM,SIM,Leal e Bom|Leal e Neutro|Leal e Mau|Neutro e Bom|Neutro|Neutro e Mau|Caótico e Bom|Caótico e Neutro|Caótico e Mau,,NAO,,Magia base do clérigo.
CLERIGO_BASE_9_DRENAR_ENERGIA,Drenar Energia,9,CLERIGO_BASE,,NAO,,LIVRE,,,SIM,SIM,SIM,SIM,SIM,SIM,SIM,SIM,SIM,Leal e Bom|Leal e Neutro|Leal e Mau|Neutro e Bom|Neutro|Neutro e Mau|Caótico e Bom|Caótico e Neutro|Caótico e Mau,,NAO,,Magia base do clérigo.
CLERIGO_BASE_9_FORMA_ETEREA,Forma Etérea,9,CLERIGO_BASE,,NAO,,LIVRE,,,SIM,SIM,SIM,SIM,SIM,SIM,SIM,SIM,SIM,Leal e Bom|Leal e Neutro|Leal e Mau|Neutro e Bom|Neutro|Neutro e Mau|Caótico e Bom|Caótico e Neutro|Caótico e Mau,,NAO,,Magia base do clérigo.
CLERIGO_BASE_9_IMPLOSAO,Implosão,9,CLERIGO_BASE,,NAO,,LIVRE,,,SIM,SIM,SIM,SIM,SIM,SIM,SIM,SIM,SIM,Leal e Bom|Leal e Neutro|Leal e Mau|Neutro e Bom|Neutro|Neutro e Mau|Caótico e Bom|Caótico e Neutro|Caótico e Mau,,NAO,,Magia base do clérigo.
CLERIGO_BASE_9_INVOCAR_CRIATURAS_IX,Invocar Criaturas IX,9,CLERIGO_BASE,,NAO,,LIVRE,,,SIM,SIM,SIM,SIM,SIM,SIM,SIM,SIM,SIM,Leal e Bom|Leal e Neutro|Leal e Mau|Neutro e Bom|Neutro|Neutro e Mau|Caótico e Bom|Caótico e Neutro|Caótico e Mau,,NAO,,Magia base do clérigo.
CLERIGO_BASE_9_MILAGRE,Milagre,9,CLERIGO_BASE,,NAO,,LIVRE,,,SIM,SIM,SIM,SIM,SIM,SIM,SIM,SIM,SIM,Leal e Bom|Leal e Neutro|Leal e Mau|Neutro e Bom|Neutro|Neutro e Mau|Caótico e Bom|Caótico e Neutro|Caótico e Mau,,NAO,,Magia base do clérigo.
CLERIGO_BASE_9_PORTAL,Portal,9,CLERIGO_BASE,,NAO,,LIVRE,,,SIM,SIM,SIM,SIM,SIM,SIM,SIM,SIM,SIM,Leal e Bom|Leal e Neutro|Leal e Mau|Neutro e Bom|Neutro|Neutro e Mau|Caótico e Bom|Caótico e Neutro|Caótico e Mau,,NAO,,Magia base do clérigo.
CLERIGO_BASE_9_PRENDER_A_ALMA,Prender a Alma,9,CLERIGO_BASE,,NAO,,LIVRE,,,SIM,SIM,SIM,SIM,SIM,SIM,SIM,SIM,SIM,Leal e Bom|Leal e Neutro|Leal e Mau|Neutro e Bom|Neutro|Neutro e Mau|Caótico e Bom|Caótico e Neutro|Caótico e Mau,,NAO,,Magia base do clérigo.
CLERIGO_BASE_9_PROJECAO_ASTRAL,Projeção Astral,9,CLERIGO_BASE,,NAO,,LIVRE,,,SIM,SIM,SIM,SIM,SIM,SIM,SIM,SIM,SIM,Leal e Bom|Leal e Neutro|Leal e Mau|Neutro e Bom|Neutro|Neutro e Mau|Caótico e Bom|Caótico e Neutro|Caótico e Mau,,NAO,,Magia base do clérigo.
CLERIGO_BASE_9_RESSURREICAO_VERDADEIRA,Ressurreição Verdadeira,9,CLERIGO_BASE,,NAO,,LIVRE,,,SIM,SIM,SIM,SIM,SIM,SIM,SIM,SIM,SIM,Leal e Bom|Leal e Neutro|Leal e Mau|Neutro e Bom|Neutro|Neutro e Mau|Caótico e Bom|Caótico e Neutro|Caótico e Mau,,NAO,,Magia base do clérigo.
CLERIGO_BASE_9_TEMPESTADE_DA_VINGANCA,Tempestade da Vingança,9,CLERIGO_BASE,,NAO,,LIVRE,,,SIM,SIM,SIM,SIM,SIM,SIM,SIM,SIM,SIM,Leal e Bom|Leal e Neutro|Leal e Mau|Neutro e Bom|Neutro|Neutro e Mau|Caótico e Bom|Caótico e Neutro|Caótico e Mau,,NAO,,Magia base do clérigo.
DOMINIO_AR_9_FURACAO,Furacão,9,DOMINIO,Ar,SIM,,LIVRE,,,SIM,SIM,SIM,SIM,SIM,SIM,SIM,SIM,SIM,Leal e Bom|Leal e Neutro|Leal e Mau|Neutro e Bom|Neutro|Neutro e Mau|Caótico e Bom|Caótico e Neutro|Caótico e Mau,,SIM,,Magia de domínio; renderizar somente se o clérigo tiver o domínio Ar.
DOMINIO_AR_9_INVOCAR_MONSTRO_IX,Invocar Monstro IX,9,DOMINIO,Ar,SIM,,LIVRE,,,SIM,SIM,SIM,SIM,SIM,SIM,SIM,SIM,SIM,Leal e Bom|Leal e Neutro|Leal e Mau|Neutro e Bom|Neutro|Neutro e Mau|Caótico e Bom|Caótico e Neutro|Caótico e Mau,,SIM,,Magia de domínio; renderizar somente se o clérigo tiver o domínio Ar.
DOMINIO_BEM_9_CURA_EM_MASSA,Cura em Massa,9,DOMINIO,Bem,SIM,BEM,FAMILIA_FIXA,,,SIM,NAO,NAO,SIM,NAO,NAO,SIM,NAO,NAO,Leal e Bom|Neutro e Bom|Caótico e Bom,Leal e Neutro|Leal e Mau|Neutro|Neutro e Mau|Caótico e Neutro|Caótico e Mau,SIM,MAL,Magia de domínio; renderizar somente se o clérigo tiver o domínio Bem. O domínio oposto Mal também bloqueia esta magia.
DOMINIO_BEM_9_INTERVENCAO_DIVINA,Intervenção Divina,9,DOMINIO,Bem,SIM,BEM,FAMILIA_FIXA,,,SIM,NAO,NAO,SIM,NAO,NAO,SIM,NAO,NAO,Leal e Bom|Neutro e Bom|Caótico e Bom,Leal e Neutro|Leal e Mau|Neutro|Neutro e Mau|Caótico e Neutro|Caótico e Mau,SIM,MAL,Magia de domínio; renderizar somente se o clérigo tiver o domínio Bem. O domínio oposto Mal também bloqueia esta magia.
DOMINIO_CAOS_9_INVOCAR_MONSTRO_IX,Invocar Monstro IX,9,DOMINIO,Caos,SIM,CAOS,FAMILIA_FIXA,,,NAO,NAO,NAO,NAO,NAO,NAO,SIM,SIM,SIM,Caótico e Bom|Caótico e Neutro|Caótico e Mau,Leal e Bom|Leal e Neutro|Leal e Mau|Neutro e Bom|Neutro|Neutro e Mau,SIM,ORDEM,Magia de domínio; renderizar somente se o clérigo tiver o domínio Caos. O domínio oposto Ordem também bloqueia esta magia.
DOMINIO_CAOS_9_TEMPESTADE_DA_VINGANCA,Tempestade da Vingança,9,DOMINIO,Caos,SIM,CAOS,FAMILIA_FIXA,,,NAO,NAO,NAO,NAO,NAO,NAO,SIM,SIM,SIM,Caótico e Bom|Caótico e Neutro|Caótico e Mau,Leal e Bom|Leal e Neutro|Leal e Mau|Neutro e Bom|Neutro|Neutro e Mau,SIM,ORDEM,Magia de domínio; renderizar somente se o clérigo tiver o domínio Caos. O domínio oposto Ordem também bloqueia esta magia.
DOMINIO_CONHECIMENTO_9_PRECOGNICAO,Precognição,9,DOMINIO,Conhecimento,SIM,,LIVRE,,,SIM,SIM,SIM,SIM,SIM,SIM,SIM,SIM,SIM,Leal e Bom|Leal e Neutro|Leal e Mau|Neutro e Bom|Neutro|Neutro e Mau|Caótico e Bom|Caótico e Neutro|Caótico e Mau,,SIM,,Magia de domínio; renderizar somente se o clérigo tiver o domínio Conhecimento.
DOMINIO_CONHECIMENTO_9_VISAO_VERDADEIRA,Visão Verdadeira,9,DOMINIO,Conhecimento,SIM,,LIVRE,,,SIM,SIM,SIM,SIM,SIM,SIM,SIM,SIM,SIM,Leal e Bom|Leal e Neutro|Leal e Mau|Neutro e Bom|Neutro|Neutro e Mau|Caótico e Bom|Caótico e Neutro|Caótico e Mau,,SIM,,Magia de domínio; renderizar somente se o clérigo tiver o domínio Conhecimento.
DOMINIO_CURA_9_CURAR_FERIMENTOS_CRITICOS_EM_MASSA,Curar Ferimentos Críticos em Massa,9,DOMINIO,Cura,SIM,,LIVRE,,,SIM,SIM,SIM,SIM,SIM,SIM,SIM,SIM,SIM,Leal e Bom|Leal e Neutro|Leal e Mau|Neutro e Bom|Neutro|Neutro e Mau|Caótico e Bom|Caótico e Neutro|Caótico e Mau,,SIM,,Magia de domínio; renderizar somente se o clérigo tiver o domínio Cura.
DOMINIO_CURA_9_MILAGRE,Milagre,9,DOMINIO,Cura,SIM,,LIVRE,,,SIM,SIM,SIM,SIM,SIM,SIM,SIM,SIM,SIM,Leal e Bom|Leal e Neutro|Leal e Mau|Neutro e Bom|Neutro|Neutro e Mau|Caótico e Bom|Caótico e Neutro|Caótico e Mau,,SIM,,Magia de domínio; renderizar somente se o clérigo tiver o domínio Cura.
DOMINIO_DESTRUICAO_9_IMPLOSAO,Implosão,9,DOMINIO,Destruição,SIM,,LIVRE,,,SIM,SIM,SIM,SIM,SIM,SIM,SIM,SIM,SIM,Leal e Bom|Leal e Neutro|Leal e Mau|Neutro e Bom|Neutro|Neutro e Mau|Caótico e Bom|Caótico e Neutro|Caótico e Mau,,SIM,PROTECAO,Magia de domínio; renderizar somente se o clérigo tiver o domínio Destruição. O domínio oposto Protecao também bloqueia esta magia.
DOMINIO_DESTRUICAO_9_PALAVRA_DE_PODER_MATAR,"Palavra de Poder, Matar",9,DOMINIO,Destruição,SIM,,LIVRE,,,SIM,SIM,SIM,SIM,SIM,SIM,SIM,SIM,SIM,Leal e Bom|Leal e Neutro|Leal e Mau|Neutro e Bom|Neutro|Neutro e Mau|Caótico e Bom|Caótico e Neutro|Caótico e Mau,,SIM,PROTECAO,Magia de domínio; renderizar somente se o clérigo tiver o domínio Destruição. O domínio oposto Protecao também bloqueia esta magia.
DOMINIO_ENGANACAO_9_ILUSAO_PROGRAMADA,Ilusão Programada,9,DOMINIO,Enganação,SIM,,LIVRE,,,SIM,SIM,SIM,SIM,SIM,SIM,SIM,SIM,SIM,Leal e Bom|Leal e Neutro|Leal e Mau|Neutro e Bom|Neutro|Neutro e Mau|Caótico e Bom|Caótico e Neutro|Caótico e Mau,,SIM,,Magia de domínio; renderizar somente se o clérigo tiver o domínio Enganação.
DOMINIO_ENGANACAO_9_METAMORFOSE_VERDADEIRA,Metamorfose Verdadeira,9,DOMINIO,Enganação,SIM,,LIVRE,,,SIM,SIM,SIM,SIM,SIM,SIM,SIM,SIM,SIM,Leal e Bom|Leal e Neutro|Leal e Mau|Neutro e Bom|Neutro|Neutro e Mau|Caótico e Bom|Caótico e Neutro|Caótico e Mau,,SIM,,Magia de domínio; renderizar somente se o clérigo tiver o domínio Enganação.
DOMINIO_FOGO_9_INVOCAR_MONSTRO_IX,Invocar Monstro IX,9,DOMINIO,Fogo,SIM,,LIVRE,,,SIM,SIM,SIM,SIM,SIM,SIM,SIM,SIM,SIM,Leal e Bom|Leal e Neutro|Leal e Mau|Neutro e Bom|Neutro|Neutro e Mau|Caótico e Bom|Caótico e Neutro|Caótico e Mau,,SIM,,Magia de domínio; renderizar somente se o clérigo tiver o domínio Fogo.
DOMINIO_FOGO_9_TEMPESTADE_DE_METEOROS,Tempestade de Meteoros,9,DOMINIO,Fogo,SIM,,LIVRE,,,SIM,SIM,SIM,SIM,SIM,SIM,SIM,SIM,SIM,Leal e Bom|Leal e Neutro|Leal e Mau|Neutro e Bom|Neutro|Neutro e Mau|Caótico e Bom|Caótico e Neutro|Caótico e Mau,,SIM,,Magia de domínio; renderizar somente se o clérigo tiver o domínio Fogo.
DOMINIO_FORCA_9_IMPLOSAO,Implosão,9,DOMINIO,Força,SIM,,LIVRE,,,SIM,SIM,SIM,SIM,SIM,SIM,SIM,SIM,SIM,Leal e Bom|Leal e Neutro|Leal e Mau|Neutro e Bom|Neutro|Neutro e Mau|Caótico e Bom|Caótico e Neutro|Caótico e Mau,,SIM,,Magia de domínio; renderizar somente se o clérigo tiver o domínio Força.
DOMINIO_FORCA_9_MAO_AGARRADORA_DE_BIGBY,Mão Agarradora de Bigby,9,DOMINIO,Força,SIM,,LIVRE,,,SIM,SIM,SIM,SIM,SIM,SIM,SIM,SIM,SIM,Leal e Bom|Leal e Neutro|Leal e Mau|Neutro e Bom|Neutro|Neutro e Mau|Caótico e Bom|Caótico e Neutro|Caótico e Mau,,SIM,,Magia de domínio; renderizar somente se o clérigo tiver o domínio Força.
DOMINIO_GUERRA_9_IMPLOSAO,Implosão,9,DOMINIO,Guerra,SIM,,LIVRE,,,SIM,SIM,SIM,SIM,SIM,SIM,SIM,SIM,SIM,Leal e Bom|Leal e Neutro|Leal e Mau|Neutro e Bom|Neutro|Neutro e Mau|Caótico e Bom|Caótico e Neutro|Caótico e Mau,,SIM,,Magia de domínio; renderizar somente se o clérigo tiver o domínio Guerra.
DOMINIO_GUERRA_9_TEMPESTADE_DE_METEOROS,Tempestade de Meteoros,9,DOMINIO,Guerra,SIM,,LIVRE,,,SIM,SIM,SIM,SIM,SIM,SIM,SIM,SIM,SIM,Leal e Bom|Leal e Neutro|Leal e Mau|Neutro e Bom|Neutro|Neutro e Mau|Caótico e Bom|Caótico e Neutro|Caótico e Mau,,SIM,,Magia de domínio; renderizar somente se o clérigo tiver o domínio Guerra.
DOMINIO_MAGIA_9_DESEJO,Desejo,9,DOMINIO,Magia,SIM,,LIVRE,,,SIM,SIM,SIM,SIM,SIM,SIM,SIM,SIM,SIM,Leal e Bom|Leal e Neutro|Leal e Mau|Neutro e Bom|Neutro|Neutro e Mau|Caótico e Bom|Caótico e Neutro|Caótico e Mau,,SIM,,Magia de domínio; renderizar somente se o clérigo tiver o domínio Magia.
DOMINIO_MAGIA_9_INVOCAR_MONSTRO_IX,Invocar Monstro IX,9,DOMINIO,Magia,SIM,,LIVRE,,,SIM,SIM,SIM,SIM,SIM,SIM,SIM,SIM,SIM,Leal e Bom|Leal e Neutro|Leal e Mau|Neutro e Bom|Neutro|Neutro e Mau|Caótico e Bom|Caótico e Neutro|Caótico e Mau,,SIM,,Magia de domínio; renderizar somente se o clérigo tiver o domínio Magia.
DOMINIO_MAL_9_IMPLOSAO,Implosão,9,DOMINIO,Mal,SIM,MAL,FAMILIA_FIXA,,,NAO,NAO,SIM,NAO,NAO,SIM,NAO,NAO,SIM,Leal e Mau|Neutro e Mau|Caótico e Mau,Leal e Bom|Leal e Neutro|Neutro e Bom|Neutro|Caótico e Bom|Caótico e Neutro,SIM,BEM,Magia de domínio; renderizar somente se o clérigo tiver o domínio Mal. O domínio oposto Bem também bloqueia esta magia.
DOMINIO_MAL_9_INVOCAR_MONSTRO_IX,Invocar Monstro IX,9,DOMINIO,Mal,SIM,MAL,FAMILIA_FIXA,,,NAO,NAO,SIM,NAO,NAO,SIM,NAO,NAO,SIM,Leal e Mau|Neutro e Mau|Caótico e Mau,Leal e Bom|Leal e Neutro|Neutro e Bom|Neutro|Caótico e Bom|Caótico e Neutro,SIM,BEM,Magia de domínio; renderizar somente se o clérigo tiver o domínio Mal. O domínio oposto Bem também bloqueia esta magia.
DOMINIO_MORTE_9_DESTRUICAO,Destruição,9,DOMINIO,Morte,SIM,,LIVRE,,,SIM,SIM,SIM,SIM,SIM,SIM,SIM,SIM,SIM,Leal e Bom|Leal e Neutro|Leal e Mau|Neutro e Bom|Neutro|Neutro e Mau|Caótico e Bom|Caótico e Neutro|Caótico e Mau,,SIM,,Magia de domínio; renderizar somente se o clérigo tiver o domínio Morte.
DOMINIO_MORTE_9_IMPLOSAO,Implosão,9,DOMINIO,Morte,SIM,,LIVRE,,,SIM,SIM,SIM,SIM,SIM,SIM,SIM,SIM,SIM,Leal e Bom|Leal e Neutro|Leal e Mau|Neutro e Bom|Neutro|Neutro e Mau|Caótico e Bom|Caótico e Neutro|Caótico e Mau,,SIM,,Magia de domínio; renderizar somente se o clérigo tiver o domínio Morte.
DOMINIO_PROTECAO_9_CAMPO_ANTIMAGIA,Campo Antimagia,9,DOMINIO,Proteção,SIM,,LIVRE,,,SIM,SIM,SIM,SIM,SIM,SIM,SIM,SIM,SIM,Leal e Bom|Leal e Neutro|Leal e Mau|Neutro e Bom|Neutro|Neutro e Mau|Caótico e Bom|Caótico e Neutro|Caótico e Mau,,SIM,DESTRUICAO,Magia de domínio; renderizar somente se o clérigo tiver o domínio Proteção. O domínio oposto Destruicao também bloqueia esta magia.
DOMINIO_PROTECAO_9_PRISAO,Prisão,9,DOMINIO,Proteção,SIM,,LIVRE,,,SIM,SIM,SIM,SIM,SIM,SIM,SIM,SIM,SIM,Leal e Bom|Leal e Neutro|Leal e Mau|Neutro e Bom|Neutro|Neutro e Mau|Caótico e Bom|Caótico e Neutro|Caótico e Mau,,SIM,DESTRUICAO,Magia de domínio; renderizar somente se o clérigo tiver o domínio Proteção. O domínio oposto Destruicao também bloqueia esta magia.
DOMINIO_SOL_9_MILAGRE,Milagre,9,DOMINIO,Sol,SIM,,LIVRE,,,SIM,SIM,SIM,SIM,SIM,SIM,SIM,SIM,SIM,Leal e Bom|Leal e Neutro|Leal e Mau|Neutro e Bom|Neutro|Neutro e Mau|Caótico e Bom|Caótico e Neutro|Caótico e Mau,,SIM,,Magia de domínio; renderizar somente se o clérigo tiver o domínio Sol.
DOMINIO_SOL_9_TEMPESTADE_DE_METEOROS,Tempestade de Meteoros,9,DOMINIO,Sol,SIM,,LIVRE,,,SIM,SIM,SIM,SIM,SIM,SIM,SIM,SIM,SIM,Leal e Bom|Leal e Neutro|Leal e Mau|Neutro e Bom|Neutro|Neutro e Mau|Caótico e Bom|Caótico e Neutro|Caótico e Mau,,SIM,,Magia de domínio; renderizar somente se o clérigo tiver o domínio Sol.
DOMINIO_SORTE_9_MILAGRE,Milagre,9,DOMINIO,Sorte,SIM,,LIVRE,,,SIM,SIM,SIM,SIM,SIM,SIM,SIM,SIM,SIM,Leal e Bom|Leal e Neutro|Leal e Mau|Neutro e Bom|Neutro|Neutro e Mau|Caótico e Bom|Caótico e Neutro|Caótico e Mau,,SIM,,Magia de domínio; renderizar somente se o clérigo tiver o domínio Sorte.
DOMINIO_SORTE_9_PRECOGNICAO,Precognição,9,DOMINIO,Sorte,SIM,,LIVRE,,,SIM,SIM,SIM,SIM,SIM,SIM,SIM,SIM,SIM,Leal e Bom|Leal e Neutro|Leal e Mau|Neutro e Bom|Neutro|Neutro e Mau|Caótico e Bom|Caótico e Neutro|Caótico e Mau,,SIM,,Magia de domínio; renderizar somente se o clérigo tiver o domínio Sorte.
DOMINIO_TERRA_9_IMPLOSAO,Implosão,9,DOMINIO,Terra,SIM,,LIVRE,,,SIM,SIM,SIM,SIM,SIM,SIM,SIM,SIM,SIM,Leal e Bom|Leal e Neutro|Leal e Mau|Neutro e Bom|Neutro|Neutro e Mau|Caótico e Bom|Caótico e Neutro|Caótico e Mau,,SIM,,Magia de domínio; renderizar somente se o clérigo tiver o domínio Terra.
DOMINIO_TERRA_9_INVOCAR_MONSTRO_IX,Invocar Monstro IX,9,DOMINIO,Terra,SIM,,LIVRE,,,SIM,SIM,SIM,SIM,SIM,SIM,SIM,SIM,SIM,Leal e Bom|Leal e Neutro|Leal e Mau|Neutro e Bom|Neutro|Neutro e Mau|Caótico e Bom|Caótico e Neutro|Caótico e Mau,,SIM,,Magia de domínio; renderizar somente se o clérigo tiver o domínio Terra.
DOMINIO_VIAGEM_9_PORTA_DIMENSIONAL,Porta Dimensional,9,DOMINIO,Viagem,SIM,,LIVRE,,,SIM,SIM,SIM,SIM,SIM,SIM,SIM,SIM,SIM,Leal e Bom|Leal e Neutro|Leal e Mau|Neutro e Bom|Neutro|Neutro e Mau|Caótico e Bom|Caótico e Neutro|Caótico e Mau,,SIM,,Magia de domínio; renderizar somente se o clérigo tiver o domínio Viagem.
DOMINIO_VIAGEM_9_VIAGEM_PLANAR_EM_MASSA,Viagem Planar em Massa,9,DOMINIO,Viagem,SIM,,LIVRE,,,SIM,SIM,SIM,SIM,SIM,SIM,SIM,SIM,SIM,Leal e Bom|Leal e Neutro|Leal e Mau|Neutro e Bom|Neutro|Neutro e Mau|Caótico e Bom|Caótico e Neutro|Caótico e Mau,,SIM,,Magia de domínio; renderizar somente se o clérigo tiver o domínio Viagem.
